token,timestamp,price_usd,price_change
ANFD,2025-08-13 17:27:45.932912,10.560363048096582,-0.028407326825719253
DOGEVERSE,2025-08-13 17:31:12.836300,42.71322827945332,0.05849231955468137
CGPT,2025-08-13 17:27:36.121165,33.757911927451275,0.0996867144106563
LDO,2025-08-13 17:33:59.134378,90.24947221556565,0.09937006283499913
PRIME,2025-08-13 17:27:43.887170,63.32774981032684,-0.03530981599030887
TRX,2025-08-13 17:29:32.464186,21.400674323011604,0.08522938451853149
WPLS,2025-08-13 17:27:06.206152,45.245823386054504,-0.09996087442887831
ACX,2025-08-13 17:34:34.728659,59.580325034112334,0.09868240191090785
ORAI,2025-08-13 17:22:51.729557,98.43959858742691,-0.03701906499013101
eUSDe,2025-08-13 17:33:48.760700,51.13203611922819,0.014322366050950858
DEXTF,2025-08-13 17:23:14.170136,35.57201877101621,-0.026583421394787227
MUMU,2025-08-13 17:25:46.896972,25.631821406851053,0.014097431897816426
APU,2025-08-13 17:33:47.874898,73.42925272821921,0.058580838862856005
SHFL,2025-08-13 17:28:38.559007,89.90341943891804,0.06390305296727367
DEXTF,2025-08-13 17:29:55.566466,30.04632145178903,0.015256739231267732
PLUME,2025-08-13 17:32:08.687774,92.18793093705506,0.07595850053003683
PYUSD,2025-08-13 17:27:46.895633,86.78443138415251,-0.054656465727569686
SWOL,2025-08-13 17:30:23.398714,63.22304010104291,1.2865750272704166
GEEKS,2025-08-13 17:29:15.749405,14.966506116538449,-0.05584056503594297
BPEP,2025-08-13 17:30:52.017375,99.73675662900762,0.05056804060210615
wTAO,2025-08-13 17:28:50.405129,22.216341958859918,-0.021135519224386806
DMT,2025-08-13 17:26:49.041088,47.59070689319329,0.009630481003509897
BOOE,2025-08-13 17:23:48.256871,50.1872933294234,-0.07392496502096518
XSWAP,2025-08-13 17:28:33.264201,19.818871686616774,0.0142661365808536
beraSTONE,2025-08-13 17:30:10.517723,73.56941873699081,-0.08567120393178303
GHO,2025-08-13 17:26:39.856382,92.41456670869934,1.507621330174603
SHIB,2025-08-13 17:27:09.992704,19.05706925951413,0.031081971562216898
BNB,2025-08-13 17:24:48.863790,34.97814280909252,0.060559204879716194
TONCOIN,2025-08-13 17:28:04.133665,92.42207855827368,0.03707184549245354
SYRUP,2025-08-13 17:31:52.568323,85.27788687646824,-0.08909239732764916
TONCOIN,2025-08-13 17:33:12.501693,82.01519430343532,1.5406928375841764
OPSEC,2025-08-13 17:26:26.684996,47.12431847031849,0.04800259700120307
wstETH,2025-08-13 17:25:13.736974,52.33135548783846,-0.0033947339310616415
EMP,2025-08-13 17:31:07.451223,66.82937558702132,0.08120805720020582
PROMPT,2025-08-13 17:23:18.307045,17.040261508005884,0.057837698901484436
ZERO,2025-08-13 17:23:25.221379,65.47923960282056,1.0829677208554687
ZERO,2025-08-13 17:30:44.346778,91.2877493467438,-0.07842171338337911
TURBO,2025-08-13 17:33:11.535519,64.94462036377531,-0.023859759407430417
PENDLE,2025-08-13 17:33:37.787883,48.47136856189822,-0.08239586623546871
RNDR,2025-08-13 17:28:47.468592,45.80404635215659,-0.0957023083571309
ALVA,2025-08-13 17:33:51.034483,30.49970301869234,0.048878143961735454
MNT,2025-08-13 17:26:56.681530,35.19778909589542,-0.05275904685855746
DOK,2025-08-13 17:26:05.632361,6.210349588490854,-0.02256588207125354
UMA,2025-08-13 17:34:06.778423,94.91215067212717,-0.03164276943031652
PEAS,2025-08-13 17:30:39.990866,8.78862376355877,0.09212113868891433
POWR,2025-08-13 17:27:47.480002,57.29412631044825,-0.037523447111643286
EEFI,2025-08-13 17:28:10.401813,13.185895505500277,0.01620614013277563
XOR,2025-08-13 17:33:08.063116,30.906749632256652,0.004761096700374348
XSWAP,2025-08-13 17:27:56.646295,90.90111950708875,0.031246350605830447
USDM,2025-08-13 17:33:47.320727,31.756446122085492,0.08972031283295231
MATIC,2025-08-13 17:24:59.577355,83.95385576192301,-0.09410333072329312
GEEKS,2025-08-13 17:33:20.694968,41.40987514041369,-0.011399102590069599
eUSDe,2025-08-13 17:24:36.409080,18.801480887428482,-0.09476035570733626
$NTMPI,2025-08-13 17:30:03.035248,61.240078523597305,-0.05381752448174673
UNI,2025-08-13 17:27:05.668161,68.81724706042428,0.0004649174900922537
basedAI,2025-08-13 17:31:19.653772,37.402200519038786,-0.001710880586733049
DRAGONX,2025-08-13 17:24:44.926190,22.6350432779091,0.09376301618667579
ZERO,2025-08-13 17:34:11.142591,22.263195695796924,-0.05943328476283463
BIGGIE,2025-08-13 17:23:34.618153,92.7110495857176,0.07342580052772069
WBTC,2025-08-13 17:31:02.261147,86.67882276661632,-0.014488863341708846
cbETH,2025-08-13 17:30:04.709570,82.43460819358835,-0.02116985825970044
AAVE,2025-08-13 17:29:54.540177,52.52780086497192,0.057383972463774635
WCM,2025-08-13 17:24:05.707731,45.69547339240267,0.0755559876499122
SKL,2025-08-13 17:29:00.465910,39.56716355162281,0.011540189962681885
IN,2025-08-13 17:31:57.915108,96.25960523396023,-0.012089225056708036
ORAI,2025-08-13 17:32:04.047449,28.598599697277717,-0.041116054932573046
WETH,2025-08-13 17:31:03.766130,90.36852790849312,0.029220301585939634
PRO,2025-08-13 17:31:27.305690,11.326026908497065,0.08756849153984789
LCX,2025-08-13 17:24:24.420805,41.361794916710686,-0.06422428421127688
AEON,2025-08-13 17:33:32.564605,89.58053277359292,-0.0819640677421059
PEPE,2025-08-13 17:31:05.036548,90.71717467591061,0.0436749439437126
W,2025-08-13 17:23:52.657693,70.62560871821155,-0.08293869119313763
BOSSBURGER,2025-08-13 17:31:30.349162,97.51939064764625,-0.06802006605464425
CGPT,2025-08-13 17:27:21.037047,76.82834977520099,0.013098315702833818
ETHX,2025-08-13 17:24:43.729349,14.46929131772285,-0.08973790195646632
BNB,2025-08-13 17:26:29.853180,76.86535593187065,0.025290569932305856
MATIC,2025-08-13 17:33:33.950178,96.04378361279623,1.6480937106882516
ALPH,2025-08-13 17:28:17.222714,85.54255153133897,-0.09884989022018922
WBNB,2025-08-13 17:25:38.272415,58.89034409515907,-0.017969726857728727
PLUME,2025-08-13 17:29:59.875928,0.6672365932827339,-0.04437741246854361
ANFD,2025-08-13 17:32:37.487402,20.77168372050964,-0.0889872123997258
MKR,2025-08-13 17:23:13.439157,85.38439043054643,0.06760288715852122
aEthWETH,2025-08-13 17:26:45.399983,8.779391420130773,0.09874703612662614
CHEX,2025-08-13 17:30:50.905157,61.11286470730491,0.018993797260943926
beraSTONE,2025-08-13 17:24:54.741872,45.53922942374636,0.08629596387720115
PRO,2025-08-13 17:32:00.328628,32.28895686554354,0.06405294845650594
SUPERGROK,2025-08-13 17:32:54.182934,6.50193739339964,-0.0755953539988109
eUSDe,2025-08-13 17:26:44.030139,41.38165334820281,-0.058189803939977684
MARIE,2025-08-13 17:24:05.697609,72.97555469107033,0.09743785275171657
PROVE,2025-08-13 17:31:28.333379,60.48175432793668,0.041361128221731325
SUPERGROK,2025-08-13 17:30:05.368117,31.655690964262238,0.09900486711151024
SABAI,2025-08-13 17:33:54.515865,61.43285518503045,0.045836948799874794
BONE,2025-08-13 17:28:41.603207,17.998924093302566,0.04171741350067862
GREEN,2025-08-13 17:22:48.138260,2.4084398838424184,-0.07641485521574563
FLT,2025-08-13 17:32:22.686333,99.89871085494057,-0.03324154861323529
beraSTONE,2025-08-13 17:32:27.351333,21.24166997715542,0.03800341230873272
WPLS,2025-08-13 17:32:15.940762,30.784177198897268,-0.03521523212338598
DEVVE,2025-08-13 17:24:08.962469,33.33495621899325,0.013784308159341424
UMA,2025-08-13 17:32:46.070794,19.409617834003097,0.08445595305036449
MOVE,2025-08-13 17:33:46.637398,79.7274658390542,-0.003700895375927854
DOGEVERSE,2025-08-13 17:33:29.281995,53.701384821786725,0.05679780664170775
QNT,2025-08-13 17:33:55.008783,5.611668295802341,0.01298852819944045
CPOOL,2025-08-13 17:29:26.727590,1.881655861840868,-0.033656141460634295
SABAI,2025-08-13 17:23:34.673390,14.938997564265108,-0.03216951640901154
ENA,2025-08-13 17:30:18.087810,84.2421534358359,-0.022086745221348264
SDEX,2025-08-13 17:24:11.128139,78.23657027018446,0.07156389551535158
ACX,2025-08-13 17:26:02.478140,8.688910521346868,-0.0256832846225704
ORAI,2025-08-13 17:25:22.620713,30.238806680064826,0.05698879664748166
XOR,2025-08-13 17:33:44.614769,44.382971557784145,1.2239947867202288
DOK,2025-08-13 17:24:37.936000,34.018189264867004,0.07477581877056949
TORN,2025-08-13 17:32:05.383911,14.338071844506592,0.0644277035925887
IN,2025-08-13 17:30:54.236448,13.280388473321928,-0.008126317877191008
WCM,2025-08-13 17:24:10.401911,31.10502197186955,1.7721860363441062
RLB,2025-08-13 17:26:46.968622,88.91969574103888,0.053236036984599056
TORN,2025-08-13 17:23:03.185788,75.85179712862647,-0.058030862628101754
XOR,2025-08-13 17:25:05.632861,27.672187371419795,-0.01177687544953221
MATIC,2025-08-13 17:26:03.311029,15.758026518456274,0.09165961090169095
beraSTONE,2025-08-13 17:28:57.123677,20.66567218353931,-0.0363030176296054
EMP,2025-08-13 17:34:06.160029,80.40224381732894,-0.06574500490539839
TORN,2025-08-13 17:30:08.549276,33.88050186404812,-0.07398519958705801
basedAI,2025-08-13 17:33:37.370534,5.055096499336006,-0.08277608390679102
PEAS,2025-08-13 17:24:55.867755,59.61617503954973,0.06723488076049819
RLUSD,2025-08-13 17:30:10.747043,31.25094070859168,0.04257973694563291
SHRAP,2025-08-13 17:23:43.552837,92.2791712965573,0.013557860451631654
PRO,2025-08-13 17:32:32.252733,91.96970732065256,-0.008883165850651742
DIA,2025-08-13 17:28:25.793030,94.74535253731315,0.0791401723279686
OBOL,2025-08-13 17:33:44.260360,39.21377106669152,0.03303612370837919
BYTES,2025-08-13 17:28:13.363809,3.036110579862191,-0.029711835863214617
$WELF,2025-08-13 17:32:55.951709,28.232914318490558,0.014935651611378775
FET,2025-08-13 17:24:01.111191,81.75711369358126,-0.034826054340377666
DAI,2025-08-13 17:32:17.550276,53.27922913717384,-0.017311618866659287
SKL,2025-08-13 17:29:21.523292,97.38943420471729,-0.03185716836416999
AEON,2025-08-13 17:27:57.426918,98.02072056853038,-0.03155983307283093
ROUTE,2025-08-13 17:24:51.621528,66.96382355830565,0.04238176431385915
WAAC,2025-08-13 17:24:09.312460,59.6115886016653,-0.08046921816166781
LDO,2025-08-13 17:24:53.845282,95.5887858034321,0.6631169507523105
SDEX,2025-08-13 17:32:02.367233,37.897312225904685,0.032032951804224
PRO,2025-08-13 17:25:23.680477,13.900284581760166,0.05099770223518135
POL,2025-08-13 17:31:52.095957,66.0915305630129,-0.04169934929909907
wTAO,2025-08-13 17:28:08.955033,20.57411157335984,-0.040052933141177305
ORAI,2025-08-13 17:33:48.321168,93.66828154666987,0.08302358291188569
RLB,2025-08-13 17:29:46.563424,61.152960709648575,0.06952734906607225
BLSH,2025-08-13 17:23:31.935602,90.10855875047314,-0.0998313371787159
beraSTONE,2025-08-13 17:32:37.942364,35.93087060949753,0.07313592736599556
ROUTE,2025-08-13 17:27:57.835161,59.02048581959969,0.042354730342015035
SERV,2025-08-13 17:27:21.726832,54.51642760894815,-0.0050257174088524925
howsthisforatickernamelooooollol,2025-08-13 17:29:26.903537,84.33433379597186,-0.016552901038129203
DEFI,2025-08-13 17:34:45.168351,67.00990753146753,-0.08565080069245512
MNT,2025-08-13 17:24:30.677038,88.49001935471047,0.09499500541421421
XSWAP,2025-08-13 17:23:47.957680,64.22786752913969,-0.008794269124295623
SHIB,2025-08-13 17:30:15.738907,45.44489197758136,0.06401428498334552
BOSSBURGER,2025-08-13 17:27:02.821206,18.587245458758897,0.015587700155611256
ROUTE,2025-08-13 17:31:19.733599,26.93235230840498,0.015270470629587793
ACX,2025-08-13 17:34:31.328084,56.819276274382915,-0.07736712607701307
PROVE,2025-08-13 17:34:19.451180,8.015509937758196,0.0052816107624457515
OKB,2025-08-13 17:28:21.754156,7.832677847969863,-0.08231072985346422
basedAI,2025-08-13 17:30:21.077251,66.37705654413625,0.03681480382932373
CVX,2025-08-13 17:32:21.630733,31.256847147329005,1.0153192565035067
SWOL,2025-08-13 17:28:24.585543,51.271184407967674,0.046762909489145854
INST,2025-08-13 17:27:01.098470,97.77627385522678,-0.06649836743574407
SDEX,2025-08-13 17:31:46.586201,72.69990169155824,-0.08771644736930723
BTC2x-FLI,2025-08-13 17:29:43.261583,57.29027094521724,-0.04164935825929677
UNI,2025-08-13 17:26:13.507271,8.260191579840065,0.07028905121052684
OKB,2025-08-13 17:25:48.476702,61.58361804198014,-0.04860885588198454
OPSEC,2025-08-13 17:30:01.751509,91.01404755302589,0.031831128070731685
MMX,2025-08-13 17:32:28.645298,26.1326462644707,-0.0030162972497803225
HOPPY,2025-08-13 17:33:07.650388,34.291371054182385,0.7176053776839086
SYRUP,2025-08-13 17:32:50.082238,75.27860207504497,-0.023366601410586482
EBULL,2025-08-13 17:31:29.719346,16.73665325770948,0.06836660704773026
WETH,2025-08-13 17:30:29.427990,75.55083830553968,-0.06647992064950628
AMINO,2025-08-13 17:28:29.886998,47.63186140483314,0.08449184973913557
ANKR,2025-08-13 17:27:20.456572,70.56372438015899,-0.07097003380888385
PYUSD,2025-08-13 17:22:55.541389,92.72298038008013,0.03569868105007501
HOPPY,2025-08-13 17:30:58.670944,4.111351326893694,0.027484830251079923
GHO,2025-08-13 17:30:06.549609,65.21007176523644,-0.0459347765638116
PENDLE,2025-08-13 17:25:50.847622,58.42184161783355,0.03505822382731871
TRX,2025-08-13 17:31:35.705688,58.87654186756925,-0.0325186793838171
USDe,2025-08-13 17:26:32.554276,1.0676931368072122,0.6019279324855067
QNT,2025-08-13 17:23:57.343107,10.399689404913037,-0.056116734854503504
GPU,2025-08-13 17:25:48.365197,3.413835835231908,-0.08862361768110774
SDEX,2025-08-13 17:30:39.755973,83.54755911745357,0.02761657703189571
MATIC,2025-08-13 17:23:49.198189,60.47253157756794,0.05277155324801386
USDM,2025-08-13 17:32:25.304047,18.48501395166816,-0.06314740143219273
BLSH,2025-08-13 17:28:23.208016,93.61884417057529,0.0845390781689396
eUSDe,2025-08-13 17:32:00.938574,69.2252269659945,0.05402392197162528
WPLS,2025-08-13 17:24:43.615543,7.408966033428713,-0.023440199511363474
DYDX,2025-08-13 17:34:44.090168,25.831278196357285,-0.06441410267267403
CRO,2025-08-13 17:28:41.039686,92.85934396024722,-0.06431156598704582
WBTC,2025-08-13 17:24:05.069937,54.067809357889324,0.02279325819512927
wNXM,2025-08-13 17:33:44.078640,71.54287777190682,-0.08541609932420802
AAVE,2025-08-13 17:31:30.832509,77.7259441599529,1.2465520666784153
POL,2025-08-13 17:33:58.683481,66.46393759157118,0.040011039867745124
PEAS,2025-08-13 17:29:40.740981,51.54314646634078,-0.0018641092208930565
PYUSD,2025-08-13 17:27:37.817181,72.7794644421033,-0.08598006287197962
PLSB,2025-08-13 17:22:49.381299,95.41599303915528,-0.0035867316704934205
APU,2025-08-13 17:29:12.418935,99.16022202617111,-0.03943438470272005
MARIE,2025-08-13 17:30:22.236219,95.88280044757552,1.301939444840052
PAXG,2025-08-13 17:23:44.928885,45.96933898201363,0.029558514361263027
USD1,2025-08-13 17:29:26.222340,96.75162093179318,-0.04022593096512217
VOLT,2025-08-13 17:33:32.451702,63.065399574319784,-0.0830275030654458
EBULL,2025-08-13 17:31:36.433412,14.002895747121206,0.043947806948994916
AEON,2025-08-13 17:25:38.709295,38.88286567202681,0.02868152753670644
BONE,2025-08-13 17:29:11.436834,83.42668672404953,0.09916672560038906
rETH,2025-08-13 17:26:51.285276,33.778483255356356,-0.018898428800423292
wstETH,2025-08-13 17:32:28.114668,66.734968667155,0.03561556468933824
BOGBG,2025-08-13 17:24:34.246613,57.938777774022775,-0.0926244665153925
EMP,2025-08-13 17:28:39.004194,1.9161100571397744,0.023674416610303048
SKL,2025-08-13 17:31:11.933704,13.062467976930558,-0.09000840052267561
BNB,2025-08-13 17:32:37.932241,9.73825111585778,0.0670704313979186
CULT,2025-08-13 17:32:35.816128,10.642056713825651,0.059835044466895665
KEKIUS,2025-08-13 17:23:32.439280,20.272087600580484,0.0671791895958673
AMINO,2025-08-13 17:26:40.449158,97.58556841017304,-0.07253411960364897
wstETH,2025-08-13 17:31:57.244075,59.31259445155433,-0.0758509020896355
EMP,2025-08-13 17:31:52.436062,16.81340480500918,-0.06699877464970767
SKL,2025-08-13 17:33:53.486382,4.079482447249844,1.7710500653705887
ENA,2025-08-13 17:32:06.916379,1.5728763235650711,-0.09873008428927661
USD1,2025-08-13 17:33:53.818609,70.67705743319587,-0.043253690874245423
BTC2x-FLI,2025-08-13 17:31:05.497998,20.623960256780343,0.004617372826366317
QNT,2025-08-13 17:25:39.262706,17.463148107511493,0.01925439414382049
BONE,2025-08-13 17:30:07.675869,8.811239152795768,-0.03976004667899973
INST,2025-08-13 17:22:50.290430,23.571544342848412,0.006039804185616185
DEXTF,2025-08-13 17:30:12.623077,86.27447869900772,0.00150815132152457
$WELF,2025-08-13 17:32:01.638524,65.93612256764463,-0.0612562013973607
ETHX,2025-08-13 17:31:00.375503,96.85769804290922,-0.06473523652589383
EUROC,2025-08-13 17:23:25.899882,36.4256649771601,-0.04972364405647722
MAVIA,2025-08-13 17:23:18.188588,74.0442843124653,-0.06482247835688948
UMA,2025-08-13 17:28:36.244205,11.615347895363275,0.04428061611178649
AEON,2025-08-13 17:29:44.428479,41.91243675293886,0.07967455137623095
POWR,2025-08-13 17:32:07.862201,32.6199611484701,1.6066217990137128
XOR,2025-08-13 17:27:17.383319,22.074069202633464,-0.0031184568191478385
PYUSD,2025-08-13 17:24:31.357716,92.78943277312264,-0.02253393922226865
XSWAP,2025-08-13 17:28:16.572939,19.423550741045112,-0.04606109380392598
DYDX,2025-08-13 17:24:18.592471,69.22413084582162,0.7047522490223042
DIA,2025-08-13 17:28:17.176826,17.128419658514513,0.07728179439181312
CRV,2025-08-13 17:32:15.473815,63.803541395861544,-0.06601290318649794
DOLO,2025-08-13 17:33:02.602896,8.656568486731473,-0.0021573202875270897
XAUt,2025-08-13 17:29:52.938227,83.7005327336614,0.04600355092899555
ALVA,2025-08-13 17:25:45.438640,43.43052950844845,0.08549593626226726
ETHX,2025-08-13 17:33:44.903399,89.82619691370209,-0.09115516090384324
basedAI,2025-08-13 17:31:35.102937,50.426590688092396,-0.021135968745843586
PENDLE,2025-08-13 17:28:12.757785,24.05874413645506,-0.097515401701391
MORPHO,2025-08-13 17:34:10.952405,13.279873058847961,0.029528039692270247
PRO,2025-08-13 17:22:58.469718,66.9068704796628,-0.00814343265008613
AAVE,2025-08-13 17:31:45.046422,2.4511032381081077,0.05436700156126009
SERV,2025-08-13 17:25:00.160932,87.15646443738298,0.040780412604514205
POL,2025-08-13 17:33:06.475509,7.079152209491113,-0.03341877232354831
ACX,2025-08-13 17:26:20.544786,75.2912722161132,0.02250024757152065
wTAO,2025-08-13 17:32:19.024702,78.77130749560648,1.8212708719338626
MARIE,2025-08-13 17:28:57.610266,91.001311375935,-0.08968748433743934
BOSSBURGER,2025-08-13 17:27:10.225418,61.91715370503831,-0.06494651936266922
beraSTONE,2025-08-13 17:31:14.509035,56.08021327321693,-0.07231883856467664
DYDX,2025-08-13 17:25:38.815548,11.364632305855665,0.08782958649438194
BITCOIN,2025-08-13 17:33:14.214595,70.28733311241344,0.05217718068575447
PEPE,2025-08-13 17:27:00.952402,26.743111655127713,-0.04457093320122363
CULT,2025-08-13 17:27:15.425921,45.246540834067964,0.06591196525500628
basedAI,2025-08-13 17:31:18.074208,67.8340461093161,-0.04154712937477474
MMX,2025-08-13 17:32:22.930784,94.53707857985329,0.08817517740000833
CULT,2025-08-13 17:25:02.614579,88.39905833127226,1.0860237542310265
USD1,2025-08-13 17:26:14.628335,95.66312672230572,-0.04481145275827561
TONCOIN,2025-08-13 17:28:44.356689,87.50056402231434,0.0254552394489799
BLSH,2025-08-13 17:27:46.906394,68.2435134434557,-0.005219016452580341
INST,2025-08-13 17:28:06.579237,64.4719973103554,-0.08741009828144818
ANKR,2025-08-13 17:32:48.162213,51.96685209081139,0.01574092111407588
BYTES,2025-08-13 17:28:37.026842,66.58887603170714,0.009693742461884453
DOGEVERSE,2025-08-13 17:26:25.939284,13.204105653682417,-0.06565257491280481
OBOL,2025-08-13 17:25:30.282995,37.196512635891864,0.06910274184840759
TONCOIN,2025-08-13 17:27:01.247045,45.59809445337819,0.08482632809995097
BOGBG,2025-08-13 17:26:12.377539,97.32087686444953,0.03857185379372707
SYRUP,2025-08-13 17:24:43.103394,11.700564307009676,0.014905034194102135
EBULL,2025-08-13 17:25:54.493182,18.45781334246311,-0.09306218226916602
GEEKS,2025-08-13 17:34:31.176245,14.802942031679773,0.09509313577800632
SHRAP,2025-08-13 17:26:24.123034,92.04419325442814,-0.00011661683243786858
TONCOIN,2025-08-13 17:34:09.408119,92.78185086003386,0.09403003266229479
LCX,2025-08-13 17:34:29.432746,33.134751801549804,-0.0052178652644493395
TURBO,2025-08-13 17:34:25.116001,75.41862395934142,0.03337754629117767
USDM,2025-08-13 17:31:31.551527,92.22998724867502,-0.07753687540942354
MOVE,2025-08-13 17:33:35.125618,13.950935112715163,-0.03838355984569253
AMINO,2025-08-13 17:30:11.615835,22.044276097810332,-0.03472670606518742
GREEN,2025-08-13 17:29:47.070638,22.222164265591815,-0.04441456616563251
GEC,2025-08-13 17:23:47.184476,84.94664436184877,0.0915247396936669
GEAR,2025-08-13 17:27:30.985001,49.05163137311192,0.0023111685267122872
MARIE,2025-08-13 17:33:41.081804,36.11287626603114,0.07076081399267983
MMX,2025-08-13 17:27:25.001085,1.2289572025998612,-0.03838293108713087
RLUSD,2025-08-13 17:33:16.497250,8.76898710397897,-0.011155927566397689
TEL,2025-08-13 17:32:25.653563,28.870515492837093,0.09407213464040101
SHIB,2025-08-13 17:31:31.595971,41.42523683417865,0.019587141403672056
EMP,2025-08-13 17:25:16.604329,47.46656686930624,0.09732766946467272
CULT,2025-08-13 17:33:58.870157,59.07198233234766,-0.0986762264229944
ZERO,2025-08-13 17:27:45.450090,55.58582635803054,0.05104874955843705
DRAGONX,2025-08-13 17:25:10.465444,83.23004948461902,-0.0018828763928519232
ORAI,2025-08-13 17:32:47.901345,30.3983987846606,-0.0073096331588622665
UNI,2025-08-13 17:32:16.678074,15.410856724344749,0.028111041835312628
basedAI,2025-08-13 17:24:16.407386,66.59468704931233,-0.06412553862946258
SKL,2025-08-13 17:23:07.478661,76.4741883978168,0.09412506530690912
HKDM,2025-08-13 17:29:45.367354,56.561803218144846,0.025599209496248998
BTC2x-FLI,2025-08-13 17:34:28.466299,81.82989665379503,0.04659145411143256
MNT,2025-08-13 17:32:55.601649,16.293094795865063,0.9795216671494091
XSWAP,2025-08-13 17:27:04.317535,5.298303954558876,0.027249427008784716
SSV,2025-08-13 17:23:22.074728,29.173493126898524,-0.08463466388901103
GREEN,2025-08-13 17:31:58.838555,18.332917266497688,1.6289427597128143
LCX,2025-08-13 17:26:39.276940,31.627881150721983,0.059975441248822675
ZERO,2025-08-13 17:31:00.519478,68.83778073123577,1.3700699621993604
EMP,2025-08-13 17:22:56.286318,51.82189292027772,-0.0030201950490556656
PAXG,2025-08-13 17:33:50.053312,16.311283957293345,0.0006765786127947149
howsthisforatickernamelooooollol,2025-08-13 17:32:19.476851,55.86993488883004,0.09049904275782825
SHRAP,2025-08-13 17:31:20.033932,70.22946617702478,-0.016530748515589028
NEGG,2025-08-13 17:24:10.927269,13.131903356326672,1.0223148686242118
HKDM,2025-08-13 17:24:27.090067,44.19937139178618,0.00462422186671127
PAXG,2025-08-13 17:24:50.989155,30.475379078579433,-0.07628062185293759
SHIRO,2025-08-13 17:33:03.906951,14.244510044290386,-0.07493116377317757
DMT,2025-08-13 17:34:33.398889,42.48625921193439,-0.07765556115249501
MNT,2025-08-13 17:32:04.778462,75.73583009742525,0.6617260727970977
GEAR,2025-08-13 17:29:54.086844,46.913543324999736,-0.09134370078705645
ORAI,2025-08-13 17:30:47.662225,75.45748164280798,0.08401961416273113
BIGGIE,2025-08-13 17:29:50.074194,20.010442491742477,-0.09414817677322135
TONCOIN,2025-08-13 17:32:56.020296,94.1850795007109,-0.030432691645319365
CHEX,2025-08-13 17:33:02.699419,78.0824055913696,0.000981845811360113
CRO,2025-08-13 17:23:58.356093,57.81758647946097,0.8254971137174774
GREEN,2025-08-13 17:34:21.269935,17.185628540866162,-0.0991342142618002
PENDLE,2025-08-13 17:33:52.447110,92.04851302612188,-0.0050568992399230295
SD,2025-08-13 17:25:00.290561,67.35583455983695,0.06694843076888077
ATH,2025-08-13 17:27:52.346130,51.42995777743417,0.05228188929649108
CPOOL,2025-08-13 17:24:16.003090,11.040512959715425,0.05245473587699301
DEFI,2025-08-13 17:29:28.135128,4.07045022855678,-0.07685547860744431
GPU,2025-08-13 17:28:16.000952,73.62008044047334,0.06821803516738992
PLSB,2025-08-13 17:29:25.819442,29.06602660854445,-0.062243002866545695
CRO,2025-08-13 17:33:31.223346,80.24561563836725,-0.026511721045825956
ALPH,2025-08-13 17:34:46.080794,49.169920870757295,-0.012388329919185675
USDC,2025-08-13 17:24:12.836848,1.0,0.039007423207994135
GALA,2025-08-13 17:31:40.831155,89.24383877944614,-0.027258001304853716
RNDR,2025-08-13 17:26:50.814785,59.50013338606438,-0.07544756646026728
SHIB,2025-08-13 17:31:29.144360,27.859048044562726,0.016383724799230642
ZERO,2025-08-13 17:31:51.538119,80.10041325410215,-0.02878053862478394
SERV,2025-08-13 17:34:38.016705,51.146337361829524,-0.009073051649277408
W,2025-08-13 17:25:47.496699,49.73240547470652,-0.07307832385640814
PENDLE,2025-08-13 17:31:38.214816,83.03294373729962,-0.09465022240270296
USD1,2025-08-13 17:27:22.495748,67.92364416504144,0.02439335230474564
DEXTF,2025-08-13 17:31:54.323440,66.11144963706626,-0.0015624973286220423
DIA,2025-08-13 17:25:12.390863,66.21270239781532,-0.04766694524520918
PAXG,2025-08-13 17:32:29.826750,54.05749340516728,1.6459473598554564
GHO,2025-08-13 17:33:20.690483,11.922219518938295,0.07057485785534465
LDO,2025-08-13 17:28:17.952492,3.2956510133679817,0.07207214054373276
ORAI,2025-08-13 17:33:23.984165,16.422782955713913,-0.037508064932043575
VOLT,2025-08-13 17:28:37.967547,10.947105468361322,0.032015717854773834
CVX,2025-08-13 17:29:38.991368,47.59634641185341,0.0013370097514050078
PEAS,2025-08-13 17:25:56.641509,59.10860141394559,0.035297556747144104
GPU,2025-08-13 17:26:37.747604,2.8244171893629195,1.755401227992886
MKR,2025-08-13 17:32:29.878468,58.4008581396916,0.025030600043023404
ATH,2025-08-13 17:23:57.092035,34.52085132408613,-0.02974614790611084
SKL,2025-08-13 17:25:45.282030,64.8118016604098,0.08207780374287257
CULT,2025-08-13 17:33:12.636772,11.455984937146676,0.007683362552697706
rETH,2025-08-13 17:28:18.854758,86.33821849460213,0.08028196904237958
$NTMPI,2025-08-13 17:23:01.689636,46.97529312627794,0.9747714964047549
AAVE,2025-08-13 17:27:28.016569,57.25813909390262,-0.07998866335918911
BIGGIE,2025-08-13 17:26:48.896573,50.28182457340957,-0.032092115034718496
aEthWETH,2025-08-13 17:27:08.600700,43.604753315924434,0.06946681883053071
NEGG,2025-08-13 17:32:52.073952,53.58804400589964,-0.0904937277774211
AAVE,2025-08-13 17:27:36.459694,22.59633884363608,-0.08160843295200643
BITCOIN,2025-08-13 17:23:55.208203,33.69043773579418,1.7017785072073002
BTC2x-FLI,2025-08-13 17:27:54.516241,34.738175545239585,1.7356084246394823
ARB,2025-08-13 17:32:25.971233,43.29671934998806,-0.05998460290683175
AMINO,2025-08-13 17:25:47.910651,51.54176954722648,0.009512497753800211
MNT,2025-08-13 17:30:19.047634,51.627249265256175,-0.00015927372432829323
DIA,2025-08-13 17:25:59.913887,63.79625663374815,0.0705549296276557
PYUSD,2025-08-13 17:33:59.937872,72.66424070089742,0.800972041088432
$WELF,2025-08-13 17:24:33.375456,15.055760673775424,-0.03994486504178943
PYUSD,2025-08-13 17:27:42.387389,86.0199931134517,0.026785497670707148
QNT,2025-08-13 17:25:59.193026,28.711589255540105,0.03737098068182507
ROUTE,2025-08-13 17:27:39.223476,11.364722077062167,-0.05088267803632505
TORN,2025-08-13 17:28:21.194985,55.986902803178104,0.029384410240733072
rETH,2025-08-13 17:25:12.433166,27.27846922816111,1.6845047600962761
OKB,2025-08-13 17:30:41.242913,17.60676233725949,0.09275737810503543
WAAC,2025-08-13 17:32:10.208296,5.542174013181053,-0.03721904515981714
aEthWETH,2025-08-13 17:33:11.363681,90.05848274856281,-0.027313150954735188
PRO,2025-08-13 17:27:32.764436,83.98264926050754,-0.05279176963577814
AAVE,2025-08-13 17:31:35.825893,93.29421538548957,0.06579631653490622
PROMPT,2025-08-13 17:25:48.301802,88.45764058414083,-0.07554463330925872
CPOOL,2025-08-13 17:26:44.085856,58.43677879591481,0.049674845850406546
ROUTE,2025-08-13 17:34:00.560069,21.808658434497918,-0.05717827235173663
eUSDe,2025-08-13 17:28:03.422297,25.43804898814383,-0.0019282839693576664
PRIME,2025-08-13 17:31:10.724764,11.305005064426576,-0.005029175158234783
ALVA,2025-08-13 17:34:20.587045,87.94455975286276,-0.02740039754625892
MMX,2025-08-13 17:32:38.383064,2.117210302452023,0.02116294657410596
WETH,2025-08-13 17:31:04.291368,78.88238304378943,0.010545580662325332
TORN,2025-08-13 17:30:27.043322,70.06467403182299,0.03704966771908663
SHRAP,2025-08-13 17:33:11.206113,85.76613744360101,0.08195781999937887
PEAS,2025-08-13 17:33:54.805328,91.7934900707067,0.08726448092268066
ROUTE,2025-08-13 17:26:21.144490,85.94307956610449,-0.012230830443869994
GEEKS,2025-08-13 17:33:20.216418,76.6764226519056,-0.09322366375619694
PLUME,2025-08-13 17:32:39.702402,94.05013706433974,-0.017407736291740528
DYDX,2025-08-13 17:31:23.517933,87.67735511165435,0.06488017314723632
OBOL,2025-08-13 17:28:51.560850,35.19211609492334,0.06268560968000847
BYTES,2025-08-13 17:28:13.348462,2.7448158244037923,1.4623887671203124
LDO,2025-08-13 17:32:16.533909,13.617861402761552,0.02565925464860727
CPOOL,2025-08-13 17:29:41.582729,11.09171168484289,0.042712788238621624
DMT,2025-08-13 17:32:56.811509,68.57848030110834,-0.036120174152419124
MOVE,2025-08-13 17:33:15.924207,13.359645080010445,0.01860408310110659
BYTES,2025-08-13 17:32:22.660641,19.874385325529055,-0.06362214923874412
ENA,2025-08-13 17:34:07.225151,88.43529963004106,0.08962184343184543
ANFD,2025-08-13 17:30:32.916816,62.666469478223,0.09482551434997452
RNDR,2025-08-13 17:25:55.483879,85.18456880833139,1.4270060743641484
OBOL,2025-08-13 17:24:34.460865,95.80370608067763,0.013448579784259979
ALPH,2025-08-13 17:31:24.380065,43.5215219441667,-0.009258426983270882
WBNB,2025-08-13 17:24:12.328891,71.35923555934805,0.07238734485717477
$NTMPI,2025-08-13 17:26:14.332620,49.42187409262009,0.07126754553110293
XAUt,2025-08-13 17:34:43.549364,28.303894830819505,-0.016333801775619577
MORPHO,2025-08-13 17:32:17.573745,2.887023893567865,-0.05290287492024864
NEKO,2025-08-13 17:33:40.276329,36.97007757570206,-0.008367177716286964
SWOL,2025-08-13 17:28:24.594758,87.14563308634881,-0.020489056875031525
wstETH,2025-08-13 17:31:20.601883,70.84823213416979,-0.04875488121352254
DEXTF,2025-08-13 17:29:28.039982,5.220740036688178,-0.005813515323062929
SABAI,2025-08-13 17:34:44.652394,93.93280079806183,0.0196464131915062
EUROC,2025-08-13 17:22:50.859909,50.45915435582094,0.09550477474137664
MMX,2025-08-13 17:24:22.211543,89.22367250800463,0.7690583347561768
RIO,2025-08-13 17:28:49.697640,93.03339084620983,-0.07361609326355462
GEEKS,2025-08-13 17:31:18.384014,43.298636549026924,-0.03734607838964142
SHIRO,2025-08-13 17:28:46.431645,97.3374152456377,-0.027881558349375377
GHO,2025-08-13 17:26:10.706366,87.6948691867963,0.05231278378772272
BOOE,2025-08-13 17:28:59.220334,43.58317910692285,0.04737384765530386
WBTC,2025-08-13 17:31:56.846298,15.134961968227575,0.0314838955352488
EBULL,2025-08-13 17:23:25.319976,14.870594496027902,-0.09282755036615205
OBOL,2025-08-13 17:24:44.759569,46.71861265479491,0.07903504360795965
WBNB,2025-08-13 17:23:16.370030,35.658446423426035,-0.002960097107649301
WBNB,2025-08-13 17:24:07.993436,71.97919870264278,-0.030079139629635404
BIGGIE,2025-08-13 17:33:12.084639,18.073689861498888,0.0017475527861293416
ZERO,2025-08-13 17:29:32.538120,66.31713649274322,0.09960091109816335
DEVVE,2025-08-13 17:29:05.731093,57.083073235341,-0.08463290744102386
BONE,2025-08-13 17:30:54.374132,88.73789612488814,1.5219685172438748
W,2025-08-13 17:27:30.802258,59.03794639762902,0.06739544171622147
SYRUP,2025-08-13 17:23:07.789642,46.02871571355771,-0.00402898124746158
$NTMPI,2025-08-13 17:29:54.827067,0.590478020901957,0.031234551403470118
NEKO,2025-08-13 17:26:40.939137,73.15720628121578,0.09148055582796552
APU,2025-08-13 17:24:20.110543,86.32925159407957,-0.043409198041005674
MARIE,2025-08-13 17:31:42.535995,54.720150618407864,-0.08148979783228266
WPLS,2025-08-13 17:24:55.167777,96.50528048805921,-0.08216233846468922
FLT,2025-08-13 17:24:44.317292,77.95145958912074,0.05051171325807638
SYRUP,2025-08-13 17:24:13.833429,49.08960130998515,0.06127063918367001
TORN,2025-08-13 17:33:37.688676,60.3553255510133,-0.08077770049564113
MMX,2025-08-13 17:28:56.110322,48.967407352550225,-0.004712062674046474
USDM,2025-08-13 17:29:59.245340,9.031332720380263,-0.026352793553668596
LINK,2025-08-13 17:27:59.556264,42.60744971114259,1.0126172710948265
$WELF,2025-08-13 17:30:54.036823,64.76458562647396,0.08613352253336048
PROMPT,2025-08-13 17:30:20.282899,52.472531609804705,-0.012528896213795077
MOVE,2025-08-13 17:26:23.283143,98.41878144187999,-0.03991826945314117
ALVA,2025-08-13 17:29:03.626281,29.55520857421967,0.6147987796064691
EUROC,2025-08-13 17:28:56.658453,51.07005189967976,-0.007068701593793553
APU,2025-08-13 17:32:32.233826,35.55220898690425,0.053729354595310336
MNT,2025-08-13 17:24:09.033554,66.16121655831684,-0.0635583730892691
PEAS,2025-08-13 17:23:19.586276,41.63099364613567,-0.03721072884319965
MAVIA,2025-08-13 17:31:52.295070,45.00029109272956,-0.03173312400770245
LINK,2025-08-13 17:25:18.969227,7.8312707406689235,-0.048136465442753164
wNXM,2025-08-13 17:27:59.335223,1.8013427590180053,-0.09733908001819946
MOVE,2025-08-13 17:28:18.317372,40.51510884925248,0.04884936601204787
WAAC,2025-08-13 17:26:25.015987,81.31511663446165,0.03813245843917598
NXRA,2025-08-13 17:32:26.341329,8.772636710909733,-0.06183958334935831
MNT,2025-08-13 17:31:08.143358,18.830228128229173,1.2216757906446964
TONCOIN,2025-08-13 17:30:34.812675,43.584489495311296,0.058002307323489405
howsthisforatickernamelooooollol,2025-08-13 17:23:48.987354,76.97441742858231,-0.015624155071650714
USDT,2025-08-13 17:24:46.595955,1.0,0.04051962114165117
WAAC,2025-08-13 17:28:26.472223,85.9810465796078,-0.059732315995050383
APU,2025-08-13 17:32:44.204549,39.17942201131364,-0.07946729566095789
GHO,2025-08-13 17:34:32.230595,84.86313993770901,0.01916791011553784
DOLO,2025-08-13 17:34:46.298985,3.7113513228653074,0.0026711442933071705
WAAC,2025-08-13 17:25:33.972166,6.079861176502687,1.3646050279868782
DOLO,2025-08-13 17:23:32.727610,89.28879084157604,-0.005332405690937139
WBNB,2025-08-13 17:30:15.341617,64.62151947686779,-0.012753999202241115
CHEX,2025-08-13 17:26:14.367763,19.228207737128066,-0.05357937737161527
KEKIUS,2025-08-13 17:29:50.114271,68.50055869327417,0.07069075829158297
DIA,2025-08-13 17:24:21.434168,29.346470257358774,0.09196067365536253
HKDM,2025-08-13 17:32:20.100318,79.97750834602456,0.024368475686324526
GPU,2025-08-13 17:31:04.302235,8.628327840409975,-0.06534177929239837
CRV,2025-08-13 17:30:03.139285,10.09936352029674,0.09875344707626862
ORAI,2025-08-13 17:25:35.997612,55.68748277965532,-0.028242649315437518
OBOL,2025-08-13 17:27:04.071590,15.868960455803064,0.07889149413031177
ACX,2025-08-13 17:32:27.907191,33.7800981136243,-0.05466194879906175
beraSTONE,2025-08-13 17:25:28.348860,25.789635878997633,-0.0289518046835454
EUROC,2025-08-13 17:32:01.468323,55.70666478042637,0.0706816296132439
GEAR,2025-08-13 17:30:02.088429,10.42316087233593,1.9194015909488502
DOGEVERSE,2025-08-13 17:34:20.105919,75.57887597867827,0.056330479101199704
GALA,2025-08-13 17:32:39.999364,4.206524026285853,0.025985223230807986
BIGGIE,2025-08-13 17:33:42.909755,15.711684410256469,-0.011696417984419047
ARB,2025-08-13 17:28:45.841520,87.05056631318055,-0.027252618469882736
DRAGONX,2025-08-13 17:24:15.548098,20.197014127496285,0.053843859984030074
DEVVE,2025-08-13 17:25:43.627567,80.91643011809585,0.0010045456458058766
USDC,2025-08-13 17:25:58.531253,1.0,-0.016998278557295493
SKL,2025-08-13 17:24:36.160074,75.35318203300037,-0.05436359921396625
SUPERGROK,2025-08-13 17:27:44.654781,40.93683884603936,0.07047809588336243
HKDM,2025-08-13 17:34:06.492985,44.26344314796458,0.04352514714933464
IN,2025-08-13 17:34:06.422845,8.486973670996573,0.09638898487742639
wQUIL,2025-08-13 17:27:59.532041,39.33269396537278,1.8837782924041049
ETHX,2025-08-13 17:33:36.808015,5.790404856305717,0.04267390340428168
WCM,2025-08-13 17:34:27.316026,41.93633672175005,0.04015807889939907
ORAI,2025-08-13 17:31:26.516752,31.376386684060037,0.06540071111884824
HOPPY,2025-08-13 17:30:06.488766,14.69471255483108,0.028775869615575017
LCX,2025-08-13 17:30:16.538970,61.8225643434911,-0.0309498773698883
SERV,2025-08-13 17:32:05.288241,88.09865849636589,1.3061502389739408
VOLT,2025-08-13 17:31:29.071051,74.0078217088339,0.09838479390858146
GPU,2025-08-13 17:25:20.888851,51.17204396764238,-0.031858224038710733
CRV,2025-08-13 17:23:03.863654,89.03303064817118,-0.048261963961512194
ORAI,2025-08-13 17:31:30.086657,98.69560047710243,-0.08801085227491941
PRIME,2025-08-13 17:25:54.024650,50.754862715257616,0.0513119886084831
W,2025-08-13 17:28:10.090558,57.247803668219596,1.0084704419555204
ROUTE,2025-08-13 17:32:26.879045,98.90011788907323,0.07886777957907232
SHRAP,2025-08-13 17:32:55.036955,23.391451391579285,0.03338447479127235
AAVE,2025-08-13 17:30:51.152337,71.43795437658426,-0.05047333373840612
BYTES,2025-08-13 17:28:58.845314,19.263600679233992,-0.009138081821817412
TONCOIN,2025-08-13 17:31:19.381103,82.84547856689375,0.5932905088166154
DMT,2025-08-13 17:28:29.902212,44.62194706340497,0.005251120631029754
SD,2025-08-13 17:29:29.457285,77.88468372757956,0.016860755531232494
SHIB,2025-08-13 17:34:44.488478,68.90489597815461,0.04634339209388566
TEL,2025-08-13 17:32:40.144518,14.443174672823625,0.04223011353271128
DMT,2025-08-13 17:34:23.982901,51.323416663024815,0.03889414103722949
MAVIA,2025-08-13 17:28:27.816004,74.65216564075946,-0.026133588073108574
MATIC,2025-08-13 17:30:00.152154,40.867899716068145,0.01435295088528181
cbETH,2025-08-13 17:29:03.399799,11.78304391729102,-0.025108047867923866
BLSH,2025-08-13 17:28:36.866389,79.1224580700361,0.017924848827357537
BPEP,2025-08-13 17:34:01.510872,30.523344740620477,-0.06338457343112669
WBTC,2025-08-13 17:22:48.501743,54.75825458780979,0.5670237140831554
PROVE,2025-08-13 17:29:39.602546,56.58073996724872,0.056269869770565084
BTC2x-FLI,2025-08-13 17:32:47.811191,83.3700097117194,-0.07229554279928825
DOGEVERSE,2025-08-13 17:31:55.408722,66.72540227817731,0.04557283122124714
RLB,2025-08-13 17:32:22.864367,66.45358621874982,-0.05343554332815943
NXRA,2025-08-13 17:26:51.078475,4.591513238164543,-0.011380759275089525
OKB,2025-08-13 17:30:32.059901,86.59669779710339,0.014398958727880135
TORN,2025-08-13 17:29:30.951936,12.386923319138427,-0.061514653332280636
CVX,2025-08-13 17:29:42.336020,5.296909855378468,-0.062120825423958054
BTC2x-FLI,2025-08-13 17:28:48.899937,1.876220396288591,0.006371887296055839
MNT,2025-08-13 17:26:04.973020,20.588441752018152,0.06778348816581939
BITCOIN,2025-08-13 17:28:06.845218,80.69403320229836,-0.019640426950316092
EUROC,2025-08-13 17:28:40.860589,93.38553986688026,-0.06389839885393318
UNI,2025-08-13 17:33:05.946856,31.74506971230565,-0.07707107517155094
PENDLE,2025-08-13 17:29:17.081077,28.542318933322914,0.05366093827728713
SYRUP,2025-08-13 17:26:27.891837,40.73357066485338,0.022895085753684236
BYTES,2025-08-13 17:24:57.649645,71.33292933731968,-0.08025115680688402
EMP,2025-08-13 17:27:44.232425,32.428536901778344,0.06554827973172292
MATIC,2025-08-13 17:23:24.352245,23.969900131194677,-0.05270177648517574
FET,2025-08-13 17:31:48.720785,38.511017476217525,-0.08787360441932612
$WELF,2025-08-13 17:29:25.247182,6.5551666108690885,1.450311942775627
MNT,2025-08-13 17:26:00.795012,96.34783403621172,-0.05073678081783908
ANFD,2025-08-13 17:30:36.116655,12.565878545777775,-0.010803548866646959
DOK,2025-08-13 17:25:13.488973,96.7914721569067,0.09706174309281754
SKL,2025-08-13 17:29:14.025653,42.38100813698467,-0.009651599762153504
POL,2025-08-13 17:32:32.103477,96.11183311230603,0.030611769813421064
wQUIL,2025-08-13 17:22:47.390911,93.35134653614351,0.019573550300134634
ATH,2025-08-13 17:34:46.454146,84.24544288556554,0.06813683883894744
GPU,2025-08-13 17:23:19.749006,73.92090273002972,-0.039872330293483894
NXRA,2025-08-13 17:31:09.869103,83.05150580073617,0.09976425063529357
GHO,2025-08-13 17:25:18.812127,50.486976763249494,0.07678632241800573
PAXG,2025-08-13 17:30:24.322314,97.96423838683867,-0.04539737217735012
PEPE,2025-08-13 17:26:52.973459,45.98533616177497,-0.09682507676777508
XSWAP,2025-08-13 17:30:32.439170,0.2147308739467473,0.08028899879690796
SHFL,2025-08-13 17:27:44.477384,89.52786503972135,0.052493048299537715
BOGBG,2025-08-13 17:23:45.427126,87.67326197127429,0.007729865656714893
LDO,2025-08-13 17:30:51.017057,35.30594328771666,0.0654933670182688
SSV,2025-08-13 17:27:25.460745,83.9161878202774,0.09675910027091411
W,2025-08-13 17:28:20.138623,93.62542246272531,-0.05569584705957109
GEC,2025-08-13 17:31:53.063119,68.05862966798733,-0.06169766472285017
ORAI,2025-08-13 17:32:29.058436,22.122556576978052,0.09345930123776075
rETH,2025-08-13 17:26:09.144578,90.45171393564142,-0.0581827357305059
RNDR,2025-08-13 17:34:35.669747,63.84722607176494,-0.04453048919275071
DOK,2025-08-13 17:28:42.688151,55.18300088580762,0.013141409564279824
USDM,2025-08-13 17:24:53.380765,58.820576734567844,-0.07451381793674161
APU,2025-08-13 17:33:02.944850,88.10149928370687,-0.04513440550587842
GEC,2025-08-13 17:34:41.204975,69.30165168074271,-0.04941578555005737
beraSTONE,2025-08-13 17:33:22.833394,0.20547693341715387,0.03461995712380739
WETH,2025-08-13 17:33:01.779064,32.3066964615918,-0.018624820896930114
W,2025-08-13 17:30:56.724902,46.66400689432409,0.05180434293071132
PLSB,2025-08-13 17:23:20.814546,91.8399652473033,-0.03675160705274452
PEAS,2025-08-13 17:25:07.117860,8.190072053976682,-0.09492561222573424
PLSB,2025-08-13 17:34:31.228840,42.38778748466067,0.8749762422987462
wQUIL,2025-08-13 17:26:44.041736,6.293784021759095,-0.09442544955020188
GHO,2025-08-13 17:32:28.802533,59.25715175020782,-0.03313949280901614
SKY,2025-08-13 17:25:44.950568,47.362916748699064,0.06650350250964293
DYDX,2025-08-13 17:29:01.166032,23.68199914444478,1.3999470578830675
EBULL,2025-08-13 17:31:57.150971,62.538622267776375,-0.08289306018572216
KANRO,2025-08-13 17:33:47.034352,37.745739351472324,0.038672733403784354
SHIRO,2025-08-13 17:23:31.641608,80.24068605704174,1.4161079595929222
GHO,2025-08-13 17:23:34.368987,67.75967010288267,-0.041016645953164545
ATH,2025-08-13 17:27:36.211805,61.734024612522234,0.07291654884752014
SWOL,2025-08-13 17:28:13.456098,46.42626722081389,0.024042140870139825
PENDLE,2025-08-13 17:26:51.523862,93.75910937615373,-0.009184647325854181
EEFI,2025-08-13 17:29:50.225617,10.809578922077554,1.5699490912356726
AEON,2025-08-13 17:32:15.379825,19.36951803176071,0.027472747130540015
WPLS,2025-08-13 17:27:02.881675,48.145116318278426,-0.06281531863934925
DRAGONX,2025-08-13 17:32:20.858420,6.058513374304757,-0.012830374370327996
SSV,2025-08-13 17:26:31.055533,88.52333878471671,-0.07051818747889436
TORN,2025-08-13 17:30:01.397233,29.11348383686922,0.0035361179507373414
TONCOIN,2025-08-13 17:23:28.268705,50.715715665669634,0.07174044110567465
SHIB,2025-08-13 17:26:54.547594,97.65131210345913,-0.059747752867245964
CRO,2025-08-13 17:26:52.917385,66.78933529665879,0.09638465116531011
EEFI,2025-08-13 17:33:00.446251,56.61402993781013,-0.040073681743897076
EEFI,2025-08-13 17:24:43.841590,45.435666374428465,-0.09156157002459367
KEKIUS,2025-08-13 17:33:49.366586,63.88031736731736,-0.006692648494362824
wstETH,2025-08-13 17:25:39.093709,73.46127189127472,-0.03369697808135852
ENA,2025-08-13 17:25:14.827779,18.43260877646633,-0.02743657080845223
DAI,2025-08-13 17:27:04.678399,55.47361369675231,-0.011918376096481914
MUMU,2025-08-13 17:33:44.150311,35.997324583456226,-0.060175426009558164
GPU,2025-08-13 17:24:52.385559,88.53936913287092,-0.032036501396396494
DOLO,2025-08-13 17:25:44.094267,19.60679612591108,-0.047642278804408106
PENDLE,2025-08-13 17:23:02.115508,67.74846337596313,0.05748281610758829
OPSEC,2025-08-13 17:26:50.635961,21.031635492698744,-0.02607186912076509
PRIME,2025-08-13 17:30:42.854275,94.11676394974741,0.09953898284316626
PYUSD,2025-08-13 17:33:19.439242,6.54709816655626,0.08483109344660442
howsthisforatickernamelooooollol,2025-08-13 17:25:05.010530,37.82577098360989,0.019909832521587845
SKL,2025-08-13 17:33:50.129788,76.31060665143012,0.07088708659331253
BLSH,2025-08-13 17:32:15.503208,32.774783645083694,1.6934178800889101
SHIRO,2025-08-13 17:33:00.081900,96.83874690735624,-0.05815248530015567
PLUME,2025-08-13 17:32:11.958961,79.10181198368656,-0.0665132917335424
VOLT,2025-08-13 17:31:47.941787,64.51070570942845,-0.0002824447767550281
$WELF,2025-08-13 17:24:55.878933,71.25156246851483,-0.003340588933751193
WBNB,2025-08-13 17:28:28.105872,58.12285663046387,0.058124896264050346
rETH,2025-08-13 17:25:16.183710,89.4895136637093,-0.053123081630617436
XAUt,2025-08-13 17:26:27.319306,88.87200586538408,0.08709978139762817
PRIME,2025-08-13 17:25:50.261054,8.485044011635235,-0.0409903966717343
IN,2025-08-13 17:27:00.133965,58.40038285079508,0.02422516396101411
SUPERGROK,2025-08-13 17:28:11.828866,43.25624122396996,-0.0004913876697116848
ZERO,2025-08-13 17:27:22.307067,17.964777442845943,0.029070970529151613
SSV,2025-08-13 17:33:36.062610,29.458836960881296,0.009330377941808687
PLUME,2025-08-13 17:32:12.828773,92.66132586182566,0.6070230159189949
rETH,2025-08-13 17:29:20.138763,33.38244657779235,-0.049995271410471845
eUSDe,2025-08-13 17:25:04.262554,60.407364042919795,0.07099984251317881
LCX,2025-08-13 17:33:43.915422,0.8633025013648521,0.06446177117024712
SERV,2025-08-13 17:34:07.986805,82.18791299827083,-0.09762185592650774
GEAR,2025-08-13 17:34:39.277731,95.14937047277853,-0.054484301467349686
FLT,2025-08-13 17:28:28.595541,51.58737679507205,0.05152425984850276
$WELF,2025-08-13 17:26:52.274892,8.59672686431074,-0.014241405173940874
TEL,2025-08-13 17:25:17.901023,45.00269383539172,-0.025059966535940448
wTAO,2025-08-13 17:33:16.100152,30.56413784553085,-3.995774626526505e-05
SABAI,2025-08-13 17:26:51.672014,41.92054010814187,-0.019326256568965958
BOGBG,2025-08-13 17:26:22.738790,58.69963900613599,-0.09355820130982372
DRAGONX,2025-08-13 17:24:37.657692,95.26422819670881,0.025967861412682786
AAVE,2025-08-13 17:33:11.200224,98.01740982136162,-0.021872770691351226
SHRAP,2025-08-13 17:27:25.232366,47.48301768573185,0.0923876292281379
ORAI,2025-08-13 17:23:54.133885,10.440274611054388,-0.09358816917765914
WBTC,2025-08-13 17:23:06.323724,19.907883499923408,-0.02282117711928841
BIGGIE,2025-08-13 17:25:34.788387,65.96039362247531,0.5861797709239899
IN,2025-08-13 17:22:54.953904,32.6839393168847,-0.021778945390827295
OPSEC,2025-08-13 17:24:19.979122,41.84713617272921,-0.022201420433675123
BIGGIE,2025-08-13 17:24:20.551244,20.57564372757539,0.041934322811354174
BTC2x-FLI,2025-08-13 17:24:41.322500,57.513387475952754,-0.05940543189276009
DOGEVERSE,2025-08-13 17:26:05.317504,0.7542564432963755,-0.08720599141034094
AMINO,2025-08-13 17:30:02.490992,24.691543926748565,0.013845814584552321
WBTC,2025-08-13 17:28:18.347283,57.617513901726056,-0.04241764300122988
MAVIA,2025-08-13 17:26:56.682925,84.26552099650857,-0.021781926433701068
SHFL,2025-08-13 17:27:45.837986,17.966015201937125,-0.013584677192824857
BOSSBURGER,2025-08-13 17:33:42.799829,18.352597447747126,-0.021289736481540283
EUROC,2025-08-13 17:25:39.580585,87.05525379338594,0.025616640653815165
TURBO,2025-08-13 17:30:46.992997,6.683718897308545,0.0804469439644439
WBNB,2025-08-13 17:27:43.120274,76.18846133579954,-0.026253586893478592
GALA,2025-08-13 17:28:50.164287,77.95326909726897,-0.06703217885976046
FLT,2025-08-13 17:28:51.366492,46.22212699988126,1.541728571157404
$WELF,2025-08-13 17:27:21.432009,74.59828414090119,-0.02066513443324766
SWOL,2025-08-13 17:25:47.436128,70.9128695101628,0.03405911437969805
$WELF,2025-08-13 17:28:36.026651,6.833034747496518,-0.0515412781930245
EBULL,2025-08-13 17:24:27.984147,82.04446470090296,-0.06588218087182068
MNT,2025-08-13 17:30:04.031761,17.73188802414777,0.04828929661340936
RIO,2025-08-13 17:23:42.861416,76.36126880743316,-0.0693007045378417
SSV,2025-08-13 17:24:55.116965,71.44408310058817,0.006459760988006741
LDO,2025-08-13 17:31:08.654502,83.65174910375993,0.028202437851637507
GALA,2025-08-13 17:27:28.245240,30.839341848151598,0.5069985991194623
ENA,2025-08-13 17:31:59.322252,92.882767024692,-0.052291935384294864
PRO,2025-08-13 17:22:58.547679,2.8041375441787357,1.7307898237424175
CULT,2025-08-13 17:25:25.808853,88.2297828990173,0.06609013328568453
wQUIL,2025-08-13 17:31:28.288278,4.41081111322227,0.0631248672710977
PEPE,2025-08-13 17:29:31.678964,18.96285812073267,0.008340530686175684
SUPERGROK,2025-08-13 17:24:13.978852,21.38586086949313,-0.0652756884470663
AMINO,2025-08-13 17:30:37.874787,1.2080180277285961,-0.05598076125082929
OKB,2025-08-13 17:30:34.960397,36.904306301127775,0.827841282759944
ORAI,2025-08-13 17:31:59.632494,49.96260669827772,0.042506221735747945
APU,2025-08-13 17:24:50.450560,95.90388009073965,0.09628317897151994
VOLT,2025-08-13 17:30:55.088376,97.23696161600147,-0.03359069053034329
GEEKS,2025-08-13 17:34:31.175502,66.64039520940347,0.5264731974363324
MUMU,2025-08-13 17:28:10.216327,51.10750387357763,0.0006840088776775277
ALPH,2025-08-13 17:25:34.476251,61.63870397200072,-0.03823027426541401
SUPERGROK,2025-08-13 17:31:52.216935,61.980425186963146,1.0617854427403934
BLSH,2025-08-13 17:25:12.448487,37.5810368162877,-0.052387206370518906
LDO,2025-08-13 17:31:39.264058,32.8756982881975,0.028720414321081134
cbETH,2025-08-13 17:29:02.028459,97.75697477068894,-0.04230897910810871
UNI,2025-08-13 17:25:31.887216,73.28998420196558,-0.058836512954068554
WETH,2025-08-13 17:33:39.775082,66.50395184865403,0.03746996774714892
KEKIUS,2025-08-13 17:30:04.805502,38.15477719673497,-0.011527821973290275
DEVVE,2025-08-13 17:23:33.524154,49.169312515614855,-0.08957862759475865
EMP,2025-08-13 17:34:02.557659,12.564844350032661,0.009769420074255561
BIGGIE,2025-08-13 17:25:37.143292,7.825669715327902,-0.03770740603780925
RNDR,2025-08-13 17:25:43.345970,17.65178613468308,-0.042929421996441744
RLUSD,2025-08-13 17:34:23.762584,20.14808646301448,-0.0037658585905790964
HKDM,2025-08-13 17:27:33.736021,16.784926150639663,0.001058510853937572
GHO,2025-08-13 17:31:54.433614,81.96218474988798,-0.09603778457354116
ATH,2025-08-13 17:27:54.726047,8.332453220473544,-0.039953689880395896
BOGBG,2025-08-13 17:24:37.015070,72.66755703164766,-0.00726975305997242
MAVIA,2025-08-13 17:26:10.922538,56.21858867650087,-0.03335317203900763
basedAI,2025-08-13 17:25:07.915339,91.61403242327783,1.7924826908934839
PRIME,2025-08-13 17:28:40.846677,92.56985021634293,0.09409852734535037
PRIME,2025-08-13 17:27:23.506945,30.788004433277703,-0.08575312881352369
rETH,2025-08-13 17:34:41.580178,12.456506080022097,-0.06752752334739538
PYUSD,2025-08-13 17:34:16.109751,77.12932517386577,-0.0302842624342317
WBTC,2025-08-13 17:30:24.185416,36.82437228686046,1.0779997362924973
SHIB,2025-08-13 17:31:36.678228,24.242863390876188,1.7196896153846488
UMA,2025-08-13 17:31:09.179424,64.5369003717374,-0.008905845963559728
TONCOIN,2025-08-13 17:25:50.087385,60.218911200526314,0.06830317998145136
ALPH,2025-08-13 17:24:11.046063,9.239657602930768,-0.02313045353045029
SD,2025-08-13 17:34:28.384825,8.044028188649696,0.07520123336157927
wQUIL,2025-08-13 17:32:44.419687,25.294594827568236,0.09353668620169359
ATH,2025-08-13 17:29:48.977435,73.39600436133729,0.08486411828942905
RLB,2025-08-13 17:24:05.677332,57.26544341848302,0.06284560433434469
$NTMPI,2025-08-13 17:31:46.085652,93.00238642544703,-0.038379931440323145
RIO,2025-08-13 17:32:34.800352,0.16784197267962525,1.5444750609007434
PROMPT,2025-08-13 17:27:47.126473,28.84114270535776,-0.06471974048815461
LINK,2025-08-13 17:31:13.913982,19.810072684826405,0.08969666229223944
NEKO,2025-08-13 17:29:35.306337,21.26521158733925,0.04998314705897777
GREEN,2025-08-13 17:25:53.733380,90.22830615738658,0.02536747591640262
wNXM,2025-08-13 17:33:12.220634,16.620951999278233,-0.024454292469201125
eUSDe,2025-08-13 17:23:33.268955,2.976368501326312,-0.002961129437678192
PENDLE,2025-08-13 17:22:53.844735,26.615414209085337,0.03306445566184141
cbETH,2025-08-13 17:23:56.726133,52.23823108450126,1.4044773077973065
$NTMPI,2025-08-13 17:33:58.132434,47.328446000990226,-0.014109275733604737
MMX,2025-08-13 17:30:57.939199,34.314314324144405,-0.05208059409113073
HKDM,2025-08-13 17:30:45.856365,37.849785466229896,1.034043850821377
EEFI,2025-08-13 17:32:27.514548,0.31843545144316626,-0.01963832866367672
DRAGONX,2025-08-13 17:23:05.489908,12.298224999918324,0.09021238788852784
ALVA,2025-08-13 17:27:12.269524,61.83898604140897,-0.004960114486643685
QNT,2025-08-13 17:30:42.364455,0.322879672633689,0.08838754119369246
PEPE,2025-08-13 17:22:58.973819,36.02695915724869,1.711336717782315
BYTES,2025-08-13 17:30:55.109182,23.36352959901268,0.047840926963973546
PLUME,2025-08-13 17:26:57.800450,93.90908444083506,-0.004775616546166761
PENDLE,2025-08-13 17:31:35.679975,29.393358690971944,-0.07136771102270677
WCM,2025-08-13 17:33:17.888485,78.48834573545822,-0.09365085046312012
BONE,2025-08-13 17:32:20.710948,30.1418170159093,0.009749332051306375
DIA,2025-08-13 17:24:47.998053,44.63420716610231,0.03252842208842621
TRX,2025-08-13 17:25:42.216319,17.051596949158,0.03998180045102806
wNXM,2025-08-13 17:28:00.123253,71.57935795539532,0.08579347182288885
BOSSBURGER,2025-08-13 17:31:58.742353,22.045399736540812,-0.004739536417269902
W,2025-08-13 17:30:46.142985,92.27439131728548,-0.001608243449864169
DYDX,2025-08-13 17:33:14.797237,93.1786777152974,0.02013588408331128
PAXG,2025-08-13 17:27:18.447432,71.74709898411744,-0.023669899025679175
beraSTONE,2025-08-13 17:34:22.698558,43.701855669294766,-0.04818121028588718
TURBO,2025-08-13 17:23:50.129845,8.92305128567205,0.08744213013076241
USDT,2025-08-13 17:29:39.444087,1.0,-0.03732554174353389
ATH,2025-08-13 17:29:42.380126,0.17783236151027185,1.3034045605718083
VOLT,2025-08-13 17:34:32.491639,31.971102482455798,0.03586043407607847
SHIRO,2025-08-13 17:29:01.220995,60.165747693417146,-0.020937523232119504
BOGBG,2025-08-13 17:33:00.700658,31.599463244889908,-0.04063528949437045
KEKIUS,2025-08-13 17:28:46.879519,45.58389520929054,-0.07082586028119933
ACX,2025-08-13 17:29:58.193822,30.89605376469176,-0.07530719746134798
AAVE,2025-08-13 17:28:31.363578,82.87044356449208,0.04082809532656623
ENA,2025-08-13 17:23:29.345064,81.02291572765353,0.04335326136740009
PLSB,2025-08-13 17:31:11.293338,5.266104759995285,-0.06419595352295222
WAAC,2025-08-13 17:31:30.724733,29.91718670807115,0.08247527457552886
CRV,2025-08-13 17:34:40.565515,54.79881152499194,0.03557973723623395
MKR,2025-08-13 17:31:52.554213,39.11239883647563,-0.04339202600365271
GREEN,2025-08-13 17:31:11.798243,54.80552308293661,0.9851278784006812
BITCOIN,2025-08-13 17:33:10.415911,5.421789133492652,-0.03918519845972584
CHEX,2025-08-13 17:29:42.553334,44.193955216993324,0.07944361738089156
FLT,2025-08-13 17:25:24.058261,74.84076794112883,-0.09817349707748627
wTAO,2025-08-13 17:24:00.402446,78.55207023679117,-0.024688841476443193
SUPERGROK,2025-08-13 17:30:56.200591,16.830609626317575,1.0333757807406643
BTC2x-FLI,2025-08-13 17:24:56.335673,5.256686822574662,0.03001956096065911
AEON,2025-08-13 17:27:59.351436,14.865346513323368,-0.05099979932011243
MATIC,2025-08-13 17:25:40.415903,48.86770311725089,0.09091107274962515
ENA,2025-08-13 17:32:05.611863,99.11648436683839,-0.08207777026633799
$WELF,2025-08-13 17:33:09.724968,65.03459053431652,0.030639094777581505
MMX,2025-08-13 17:22:55.353741,11.67159714238995,0.028281865520465688
FET,2025-08-13 17:25:28.953229,58.68918059157177,-0.004100326785855299
DEXTF,2025-08-13 17:32:18.927474,18.11784842567256,0.028919329796339543
PYUSD,2025-08-13 17:26:21.821610,12.532391382181123,0.04275362925064641
BOGBG,2025-08-13 17:25:00.120691,81.28866504488276,1.3340902457102706
BOGBG,2025-08-13 17:32:11.101680,53.01346521468043,1.7557159094295076
BOGBG,2025-08-13 17:31:20.899369,79.0088685716953,0.05059763820091451
MATIC,2025-08-13 17:24:57.078205,59.914269632806146,0.010944353710461957
CPOOL,2025-08-13 17:24:15.592618,12.890310890170568,-0.06775794761207563
beraSTONE,2025-08-13 17:25:51.867549,75.30934236228597,0.6870756801904921
aEthWETH,2025-08-13 17:27:08.762941,54.44727075612994,0.08904569694125558
POL,2025-08-13 17:25:45.802701,4.626164649367317,0.08092390266478333
BLSH,2025-08-13 17:30:41.593456,44.497579554946014,0.03902029888769393
WCM,2025-08-13 17:33:42.763873,99.67974822214389,0.0021180692461721523
PENDLE,2025-08-13 17:30:44.084238,4.483107909170268,0.7125009965119051
XAUt,2025-08-13 17:34:16.344508,60.2184172568585,-0.028186967555588915
SHIRO,2025-08-13 17:31:31.955171,42.20728103634135,-0.047865111556973594
CHEX,2025-08-13 17:27:35.042750,8.33457507211417,-0.014931327193678443
EMP,2025-08-13 17:29:12.851110,7.065099022019827,0.09907185380625702
GREEN,2025-08-13 17:31:21.400377,56.36857923355125,0.002285488851286016
CHEX,2025-08-13 17:27:49.174260,15.357606084889685,-0.013274573715117727
UNI,2025-08-13 17:34:21.092745,24.75729360626402,0.006294033095225873
CGPT,2025-08-13 17:27:39.882510,32.942457386339804,1.8638680838069024
ZERO,2025-08-13 17:24:32.357336,79.81175565499282,-0.08041062894887333
KEKIUS,2025-08-13 17:27:19.615293,10.50922291931162,-0.06485372554290941
BNB,2025-08-13 17:29:50.955476,80.68174839077118,1.023350317408765
AAVE,2025-08-13 17:33:10.086812,55.15870777467403,0.07931404865974676
RIO,2025-08-13 17:26:35.957401,75.18977276602713,0.061216999204899564
SHRAP,2025-08-13 17:29:24.203621,88.20329407978434,0.01846202481921344
OBOL,2025-08-13 17:22:53.838178,51.361406242587655,-0.07472632804115097
ENA,2025-08-13 17:29:35.643758,26.7443167027528,0.027838697991519917
MMX,2025-08-13 17:31:16.401739,24.918671646227985,0.04135735252169756
USDe,2025-08-13 17:28:03.051206,35.406601611293134,-0.04263606775429403
SUPERGROK,2025-08-13 17:29:01.828158,71.84949633173612,-0.05424717917265383
RLB,2025-08-13 17:34:09.167347,40.65741329960625,-0.08197188133794564
PLUME,2025-08-13 17:23:42.219113,24.01127368142639,1.3629750466802513
USDC,2025-08-13 17:31:42.254809,1.0,-0.0014298933620051912
SWOL,2025-08-13 17:34:19.759759,42.404122529898096,0.0461594732648557
MOVE,2025-08-13 17:28:45.419747,68.51533518787818,0.00648186906856589
W,2025-08-13 17:27:38.939445,61.632497835282216,0.04918345214022732
SHIB,2025-08-13 17:31:12.866034,74.96929857501843,0.04779663035448506
HOPPY,2025-08-13 17:30:59.536233,4.245174592593907,-0.06629353214126504
PROMPT,2025-08-13 17:33:37.735006,17.48967135810469,-0.0733362398837738
SABAI,2025-08-13 17:34:12.788194,42.27799965892605,-0.02534326021413745
OPSEC,2025-08-13 17:26:50.330189,67.90952666918952,0.07015541012050794
MATIC,2025-08-13 17:26:15.846612,48.31763705359077,-0.09955313840802654
APU,2025-08-13 17:27:30.407463,92.30640606938996,0.09182698822464591
GEAR,2025-08-13 17:32:41.523719,3.5525584120458604,0.02354973830037084
WAAC,2025-08-13 17:23:28.397645,0.5990515047823523,-0.040329870054285615
wNXM,2025-08-13 17:22:50.711176,89.02072569955985,-0.029093535231256892
PENDLE,2025-08-13 17:27:57.178748,19.762467936452698,0.07970199160830777
QNT,2025-08-13 17:24:16.166707,48.74634135105442,0.031326689198813956
PLSB,2025-08-13 17:28:25.903050,37.43720365722106,0.07843867716518346
BOGBG,2025-08-13 17:32:31.311575,10.8784123381006,0.06787149226569639
CHEX,2025-08-13 17:24:27.709569,74.71163788431642,1.825364398254239
RNDR,2025-08-13 17:24:06.679263,28.497127408647746,-0.015788846099489967
EEFI,2025-08-13 17:33:35.718423,16.03964698392018,-0.004141002953501283
$NTMPI,2025-08-13 17:24:12.530460,48.91189274606753,0.036347296408297064
SHIRO,2025-08-13 17:26:40.919143,76.44162703146,0.0003717165082611773
VOLT,2025-08-13 17:24:21.620723,95.76828266394793,-0.07477528429695668
KARRAT,2025-08-13 17:28:47.000671,76.74082129505963,0.0356620637026962
PAXG,2025-08-13 17:27:56.358837,59.71271138381795,1.2202895204290742
GPU,2025-08-13 17:28:36.869056,76.09238071457226,-0.06950085501484787
FET,2025-08-13 17:25:01.539369,28.121072171591912,-0.04729385376832329
ALVA,2025-08-13 17:30:46.757923,42.92160115956709,0.056543384209204434
GALA,2025-08-13 17:31:11.824367,50.238371023416015,0.0985103336794256
AEON,2025-08-13 17:30:19.813694,14.881122733847233,-0.019743367972424
eUSDe,2025-08-13 17:34:40.087133,92.91054216943272,0.023293471633856727
PRO,2025-08-13 17:33:09.332080,38.041461388212774,0.04003177230553323
ANKR,2025-08-13 17:25:26.678170,42.61332493919679,1.1406092417673002
WETH,2025-08-13 17:26:26.088793,26.9319164578168,-0.029795097244403365
INST,2025-08-13 17:25:44.817419,89.51167233873281,-0.09989281437973585
PEPE,2025-08-13 17:25:19.623837,47.21109583640942,-0.07984766001864148
LINK,2025-08-13 17:25:48.629393,49.13372189003592,-0.07769427732097028
ALPH,2025-08-13 17:30:58.732289,77.04865980654067,-0.027886258451205362
HKDM,2025-08-13 17:31:41.911054,58.895218425250924,-0.05234955601357172
eUSDe,2025-08-13 17:25:18.223977,38.41109516979935,-0.07390291895038095
MATIC,2025-08-13 17:23:16.548033,96.83333484626233,0.0634818303442502
GREEN,2025-08-13 17:31:14.355239,92.55080894539321,1.3198685342707899
PAXG,2025-08-13 17:26:24.063020,47.425110025439885,0.006711510897829329
SYRUP,2025-08-13 17:23:18.543996,19.178755690806156,-0.04949489848079287
beraSTONE,2025-08-13 17:34:29.090833,89.49235366245763,0.04346517490957519
PYUSD,2025-08-13 17:23:35.750117,41.906226067178224,0.0007738855345326145
GEC,2025-08-13 17:24:47.193292,27.42212258930247,-0.04206872873686967
USDM,2025-08-13 17:23:30.771241,97.2476751666769,0.06290670096500789
WBNB,2025-08-13 17:30:59.979881,87.02686943988229,-0.06689635598995547
FET,2025-08-13 17:27:23.588302,77.9394236257731,-0.04570116220872911
LINK,2025-08-13 17:22:49.592393,57.194078792546634,-0.09822773504383116
GEAR,2025-08-13 17:28:14.917511,70.77832458891504,-0.03931796572733659
KEKIUS,2025-08-13 17:26:20.381855,26.85878007284977,-0.055214109948854964
SHRAP,2025-08-13 17:25:38.516078,3.9186766343201547,0.07672049444579557
XSWAP,2025-08-13 17:26:01.713096,79.0642256175092,-0.05019838513503037
FLT,2025-08-13 17:29:11.908345,0.1499821480219259,0.021031907159415802
MMX,2025-08-13 17:26:40.684548,94.64331845863995,-0.04719236385512413
XSWAP,2025-08-13 17:27:41.006875,61.152088563714806,-0.08854731377071844
SWOL,2025-08-13 17:32:40.230886,21.935766475203348,-0.06465295217039109
MNT,2025-08-13 17:29:13.919860,97.87645110070342,0.05610263732561649
wNXM,2025-08-13 17:31:27.273580,68.81465794618634,-0.04853096623714897
DOLO,2025-08-13 17:25:15.434487,44.224067098138455,-0.05921627345433267
NXRA,2025-08-13 17:24:39.061864,23.17999703231373,-0.026271998661258553
MOVE,2025-08-13 17:23:54.457565,18.159539251509432,0.072470434272454
howsthisforatickernamelooooollol,2025-08-13 17:29:37.153749,94.33607235923934,-0.043591150610078434
TORN,2025-08-13 17:24:44.301427,17.781649590520146,0.021564415377151994
CRO,2025-08-13 17:24:30.336099,42.645239115379226,0.029023751572348877
SERV,2025-08-13 17:23:59.168335,52.68258721238192,0.06159854533044773
PENDLE,2025-08-13 17:27:19.070093,2.0813843894932456,0.05268915121334364
EUROC,2025-08-13 17:24:22.168913,77.01406144543527,0.08771967832354363
ALPH,2025-08-13 17:32:17.528313,0.9495233126893069,0.008474033677773926
RSR,2025-08-13 17:33:00.958554,8.505669676960558,0.05193435037560942
LDO,2025-08-13 17:32:34.134744,30.745425412821124,-0.051238228297419114
LCX,2025-08-13 17:31:05.269663,62.752310442819095,0.06498498029191174
GALA,2025-08-13 17:29:19.142312,10.265583295815627,-0.016943065610773828
POL,2025-08-13 17:33:43.760213,2.4098469803128166,-0.07052469796939209
DEFI,2025-08-13 17:25:29.636762,87.9002204922952,0.07684478270240305
OPSEC,2025-08-13 17:28:41.110814,99.07689766528057,0.0912932976422445
GPU,2025-08-13 17:27:04.261691,61.573519829207214,0.0846639214824173
USDC,2025-08-13 17:33:31.822273,1.0,-0.06438644464518369
HOPPY,2025-08-13 17:26:48.087727,18.144735102255165,0.07862351040135826
ORAI,2025-08-13 17:30:16.825956,28.707685319968192,-0.0457813443001593
BONE,2025-08-13 17:30:43.446835,93.2888545916784,0.04226133644384672
NEGG,2025-08-13 17:32:14.976411,86.1727803771955,0.05555680789925774
TONCOIN,2025-08-13 17:26:37.584322,39.0660514539113,0.0571092188005734
MOVE,2025-08-13 17:32:33.547828,11.325271791730144,0.04534154575836083
TONCOIN,2025-08-13 17:23:52.121853,99.47722055079265,-0.022996520470665763
GEEKS,2025-08-13 17:28:42.828663,48.13404211450479,0.020348623087259515
DYDX,2025-08-13 17:24:26.519320,94.40358643754483,-0.023362957807392434
CGPT,2025-08-13 17:28:44.913652,53.38172697801301,0.0642808396072902
BOSSBURGER,2025-08-13 17:23:47.204759,71.494956081136,0.05531851156577311
KEKIUS,2025-08-13 17:31:13.227186,23.526954968700753,1.9908579682997811
MNT,2025-08-13 17:27:07.926878,47.39789575235545,-0.0779687373942474
MKR,2025-08-13 17:27:06.818146,84.93441875061826,-0.07213014469340849
DOGEVERSE,2025-08-13 17:24:30.780974,85.33268746863695,0.08259078177970197
SKL,2025-08-13 17:25:18.730905,22.46647363182908,-0.07655283814362888
EMP,2025-08-13 17:27:18.771764,2.6444247715569396,-0.025663153746599957
wNXM,2025-08-13 17:30:44.178071,7.38629186263597,0.07409539544310151
UMA,2025-08-13 17:24:32.758404,14.136336488563858,-0.09750445996346602
TEL,2025-08-13 17:24:34.796402,18.25062690840494,0.04962142486490312
aEthWETH,2025-08-13 17:28:25.532840,72.2585164819682,0.02896943046934458
ALPH,2025-08-13 17:26:13.473731,15.597174725230627,-0.09357617854450109
SHFL,2025-08-13 17:28:49.372704,1.0966489516578892,0.0359807088199883
MAVIA,2025-08-13 17:29:25.992263,82.95352788688879,0.0003744874984531882
POWR,2025-08-13 17:27:52.042588,15.688495712057062,0.004300208952367712
SHIRO,2025-08-13 17:31:42.057012,40.04623836389321,1.088436437961017
beraSTONE,2025-08-13 17:30:02.660051,7.730151939747606,-0.0045167471271907456
SERV,2025-08-13 17:32:42.622649,16.490787709032134,0.029329439139696795
GREEN,2025-08-13 17:26:01.342083,10.448962164447302,0.05575945205481242
DYDX,2025-08-13 17:23:07.195179,28.227871073964323,-0.08693616656674455
SDEX,2025-08-13 17:22:54.903449,90.96960460356563,-0.05965481603385665
ACX,2025-08-13 17:25:40.041311,8.51308507514408,-0.09102509235778554
PROVE,2025-08-13 17:23:19.890041,31.464883417488338,-0.09830425384559988
SSV,2025-08-13 17:31:48.209190,95.87431489944203,-0.03710551149868628
PEAS,2025-08-13 17:31:29.495450,97.38533578731413,-0.08052403281432662
MORPHO,2025-08-13 17:33:32.488050,50.36280450142381,0.05501203708378474
UNI,2025-08-13 17:29:49.766367,38.21735205717782,0.07040541922659915
TURBO,2025-08-13 17:24:43.080562,68.240574424982,1.4389290820057412
ANKR,2025-08-13 17:33:23.769489,80.74952862738935,0.053765143034688434
CHEX,2025-08-13 17:34:42.259973,50.166975453905124,0.021747785287193816
WCM,2025-08-13 17:33:56.763586,34.14811478691954,-0.03219585822397235
HKDM,2025-08-13 17:30:15.898952,94.01471230608102,1.569143721172679
VOLT,2025-08-13 17:25:39.159652,99.70097970085307,0.09160313032925338
APU,2025-08-13 17:30:19.008545,49.75730719558618,-0.07147549574625894
TORN,2025-08-13 17:29:20.937958,96.89502237893886,-0.08256646320385895
DEXTF,2025-08-13 17:28:14.461657,16.98006674294365,-0.08636763203126592
wTAO,2025-08-13 17:27:08.596351,8.93203186193615,0.05438810208550268
OBOL,2025-08-13 17:34:37.023183,97.84859123982541,-0.011590922399920128
DRAGONX,2025-08-13 17:34:03.677218,97.16834773471696,-0.027305577905471265
DEFI,2025-08-13 17:27:35.676234,85.7015258970272,-0.07420315229769399
KIZUNA,2025-08-13 17:28:55.985061,62.466944796778066,-0.0833018903699504
QNT,2025-08-13 17:28:51.278550,26.290114998907498,0.03651111728351647
MARIE,2025-08-13 17:31:40.550643,24.48923036253103,-0.09841141081666616
GALA,2025-08-13 17:26:16.275632,15.828998342586086,-0.08540426459453809
VOLT,2025-08-13 17:33:16.394397,66.91836467347575,-0.006302260395162601
SHRAP,2025-08-13 17:33:35.091091,46.490651168382264,1.597667184937913
NXRA,2025-08-13 17:32:00.115988,19.95510527482652,-0.03654302754637073
WAAC,2025-08-13 17:25:20.097335,74.13106329245258,-0.009084270837482311
LCX,2025-08-13 17:24:39.133605,47.00205484084728,-0.035962676155259374
ACX,2025-08-13 17:34:38.223735,77.42281030300765,1.7128003727066452
GHO,2025-08-13 17:34:31.563793,21.349948898682072,-0.09541145272158831
SHIB,2025-08-13 17:26:01.290639,63.572372420495746,0.60388857432349
SERV,2025-08-13 17:23:45.830560,87.37885122264585,-0.01605562787536094
wstETH,2025-08-13 17:30:49.143968,25.952128108709953,-0.08151174799359356
SUPERGROK,2025-08-13 17:26:53.253786,75.32007330050713,-0.030144748178211403
INST,2025-08-13 17:28:33.770184,53.555274023012515,0.09311796679599596
PYUSD,2025-08-13 17:27:02.378511,69.29321466197061,-0.09801369821889933
SDEX,2025-08-13 17:25:09.963184,72.27514103628373,-0.07107655208746706
GEEKS,2025-08-13 17:22:57.214480,89.65114623100548,-0.00011086633160510562
GEEKS,2025-08-13 17:24:08.796951,96.9979127105906,0.004138339642116476
POL,2025-08-13 17:34:38.531796,94.33294127011862,0.026858610584331533
BITCOIN,2025-08-13 17:23:57.161159,21.870090971390127,-0.01596477821998883
LCX,2025-08-13 17:32:04.556765,60.09832652294546,-0.05804738409463037
howsthisforatickernamelooooollol,2025-08-13 17:34:26.656044,57.68787455589245,1.7206690240330373
MNT,2025-08-13 17:26:24.400019,30.70347253585978,-0.07505092963678071
BONE,2025-08-13 17:30:34.216408,45.60518852786147,-0.029557755845508196
CVX,2025-08-13 17:27:53.611421,97.40727528147744,0.08526977177830605
DOGEVERSE,2025-08-13 17:27:55.436202,17.69774711049966,0.008552575760895256
ATH,2025-08-13 17:26:12.220113,65.96396445094183,0.02682144684083515
PENDLE,2025-08-13 17:34:43.661519,80.5959168595454,0.029924917245546717
QNT,2025-08-13 17:24:01.646218,74.99686848435668,0.008946748226437068
LDO,2025-08-13 17:28:49.420294,80.58900579268654,0.07034105125165113
wstETH,2025-08-13 17:25:27.473147,45.46844168412145,-0.0608879523629805
basedAI,2025-08-13 17:34:11.397077,35.06786218525419,-0.00721057442883441
NXRA,2025-08-13 17:22:52.475697,37.47063366399543,-0.04327911545692514
BOOE,2025-08-13 17:26:28.325614,90.26827968296311,0.034660162391594695
DEVVE,2025-08-13 17:33:35.134822,41.46152043355356,0.7300630225670723
PRIME,2025-08-13 17:32:52.354130,51.90113498721449,-0.03650580743686864
RIO,2025-08-13 17:34:17.595627,99.28298419406762,0.09469806461239216
GREEN,2025-08-13 17:30:10.712900,39.33784110841679,1.8979105492441386
SUPERGROK,2025-08-13 17:24:19.786734,63.63098639620292,-0.06525654583704618
GEEKS,2025-08-13 17:28:59.439496,43.74578468430519,1.7017579614333467
ARB,2025-08-13 17:24:12.228364,57.697605403812865,0.05243437383669372
OBOL,2025-08-13 17:32:49.883272,15.913726349179017,-0.0813491149347046
UNI,2025-08-13 17:28:01.943148,62.89312367793561,-0.09443633315250333
LCX,2025-08-13 17:33:49.827964,7.886462716711048,0.04846792479480677
DMT,2025-08-13 17:34:35.058218,63.44997047188775,-0.0626889657382341
KEKIUS,2025-08-13 17:26:20.784205,53.546367857584904,0.05600579054221122
ENA,2025-08-13 17:32:01.681941,65.92917696948624,0.08699517867530812
GEC,2025-08-13 17:30:26.638330,57.939664031753196,-0.008174455274344947
SDEX,2025-08-13 17:24:15.332713,14.192120263676928,-0.06387446061853003
NEGG,2025-08-13 17:28:42.856437,36.14611781599211,-0.021839958279324015
WBTC,2025-08-13 17:32:19.717849,41.380375365367975,0.02513655137466292
FLT,2025-08-13 17:31:01.882216,37.53168440135161,0.08166047997903603
CHEX,2025-08-13 17:24:56.460634,1.0239277599363068,0.013458769963999681
ACX,2025-08-13 17:24:11.389140,34.28761708925679,0.0989832097500637
LCX,2025-08-13 17:22:50.610479,52.17963809067208,-0.07568127782218866
UMA,2025-08-13 17:29:12.887008,51.80431222497935,-0.0567386942105379
KIZUNA,2025-08-13 17:24:09.647689,21.70360896303852,-0.05604777770721503
SHIRO,2025-08-13 17:25:59.665183,48.16267146432221,-0.030289324062938147
DOLO,2025-08-13 17:30:36.385662,46.709704371482076,-0.01278760207793632
AMINO,2025-08-13 17:33:51.090631,25.016813913242675,0.06920715553658438
OKB,2025-08-13 17:34:19.547335,10.298431164391252,0.017515777515746844
wQUIL,2025-08-13 17:32:18.751659,95.37666985168168,0.07657146669351717
SHIB,2025-08-13 17:29:56.357444,27.174675645687135,-0.07848817764625603
BOSSBURGER,2025-08-13 17:27:56.105343,56.718532051280285,0.02653969350359095
CULT,2025-08-13 17:28:10.570437,88.94607410949217,-0.04938726784755403
MORPHO,2025-08-13 17:26:18.300953,82.67037499901977,0.09302904982939092
SABAI,2025-08-13 17:27:33.780801,11.473848780308836,-0.014122639908050932
LINK,2025-08-13 17:27:04.576052,7.273306716950709,-0.025607143126369025
CPOOL,2025-08-13 17:24:15.058596,31.865728221851278,0.9933040836502509
DIA,2025-08-13 17:29:35.577862,32.162908278147945,-0.0867529714322226
