wallet_address,timestamp,amount,token_pair
0xeff6cb8b614999d130e537751ee99724d01aa167,2025-08-13 17:35:11,1895.367603203409,MORPHO/WETH
0x5141b82f5ffda4c6fe1e372978f1c5427640a190,2025-08-13 17:35:11,239662.4725361466,BPEP/WETH
0xc46fcd651bd6ac11255886feabdcebd58b870c86,2025-08-13 17:35:11,31061.063034189054,IN/WETH
0x3328f7f4a1d1c57c35df56bbf0c9dcafca309c49,2025-08-13 17:35:11,20000000.0,ETHX/WETH
0x80a64c6d7f12c47b7c66c5b4e20e72bc1fcd5d9e,2025-08-13 17:35:11,4935504.922262646,WCM/WETH
0x66a9893cc07d91d95644aedd05d03f95e1dba8af,2025-08-13 17:35:11,0.11811208431128023,GEC/WETH
0x66a9893cc07d91d95644aedd05d03f95e1dba8af,2025-08-13 17:35:11,1.4043696056790578,GEC/WETH
0x68b3465833fb72a70ecdf485e0e4c7bd8665fc45,2025-08-13 17:35:11,100.036065,USDC/USDT
0x68b3465833fb72a70ecdf485e0e4c7bd8665fc45,2025-08-13 17:35:11,0.00983508,WETH/SOLX
0xe592427a0aece92de3edee1f18e0157c05861564,2025-08-13 17:35:11,1042464.7703867349,GEEKS/WETH
0x3328f7f4a1d1c57c35df56bbf0c9dcafca309c49,2025-08-13 17:35:11,20000000.0,ETHX/WETH
0xefe7a50f92b089b06d0e6cbcc85d7584424921b2,2025-08-13 17:35:11,0.04159131318312165,WETH/USDT
0x1111111254eeb25477b68fb85ed929f73a960582,2025-08-13 17:34:59,147.938106,USDC/WETH
0x68b3465833fb72a70ecdf485e0e4c7bd8665fc45,2025-08-13 17:34:59,382.00854001491047,PEAS/DAI
0x68b3465833fb72a70ecdf485e0e4c7bd8665fc45,2025-08-13 17:34:59,1971.1769157490294,DAI/WETH
0x66a9893cc07d91d95644aedd05d03f95e1dba8af,2025-08-13 17:34:59,475.0,USDC/WETH
0x66a9893cc07d91d95644aedd05d03f95e1dba8af,2025-08-13 17:34:59,313776869.58554083,AEON/WETH
0x3328f7f4a1d1c57c35df56bbf0c9dcafca309c49,2025-08-13 17:34:59,20000000.0,ETHX/WETH
0x1111111254eeb25477b68fb85ed929f73a960582,2025-08-13 17:34:59,9345.024093,USDC/WETH
0x66a9893cc07d91d95644aedd05d03f95e1dba8af,2025-08-13 17:34:59,0.0315,WETH/Block
0xe592427a0aece92de3edee1f18e0157c05861564,2025-08-13 17:34:59,0.2748139178768567,WETH/Block
0x6747bcaf9bd5a5f0758cbe08903490e45ddfacb5,2025-08-13 17:34:59,137972.601510943,BOSSBURGER/WETH
0x3328f7f4a1d1c57c35df56bbf0c9dcafca309c49,2025-08-13 17:34:59,20000000.0,ETHX/WETH
0x2e1dee213ba8d7af0934c49a23187babeaca8764,2025-08-13 17:34:59,612.5274891963188,INST/WETH
0x2e1dee213ba8d7af0934c49a23187babeaca8764,2025-08-13 17:34:59,200.0,LINK/WETH
0x68b3465833fb72a70ecdf485e0e4c7bd8665fc45,2025-08-13 17:34:59,19995.0146335783,IN/WETH
0xdf31a70a21a1931e02033dbba7deace6c45cfd0f,2025-08-13 17:34:59,0.027055147680590842,WETH/OMI
0xdf31a70a21a1931e02033dbba7deace6c45cfd0f,2025-08-13 17:34:59,0.09794296525811563,WETH/DSync
0x3328f7f4a1d1c57c35df56bbf0c9dcafca309c49,2025-08-13 17:34:59,20000000.0,ETHX/WETH
0x50bf20318ce9100ac4374ab4bed5fe4b1f8cc6b3,2025-08-13 17:34:59,482.8921714812712,PEAS/WETH
0x3a10dc1a145da500d5fba38b9ec49c8ff11a981f,2025-08-13 17:34:59,1600572.8734227822,GEEKS/WETH
0xe592427a0aece92de3edee1f18e0157c05861564,2025-08-13 17:34:59,20000.0,USDC/SEI
0x66a9893cc07d91d95644aedd05d03f95e1dba8af,2025-08-13 17:34:59,1111134.1258073316,WCM/WETH
0x68b3465833fb72a70ecdf485e0e4c7bd8665fc45,2025-08-13 17:34:59,4214.61711755041,SABAI/WETH
0x7d0ccaa3fac1e5a943c5168b6ced828691b46b36,2025-08-13 17:34:59,467.565809,USDC/WETH
0xe592427a0aece92de3edee1f18e0157c05861564,2025-08-13 17:34:59,2735180.634634935,AMINO/WETH
0x5141b82f5ffda4c6fe1e372978f1c5427640a190,2025-08-13 17:34:59,0.05137125,WETH/USDT
0x81463b0f960f247f704377661ec81c1fd65b5128,2025-08-13 17:34:59,657.6586930062459,DAI/WETH
0x68b3465833fb72a70ecdf485e0e4c7bd8665fc45,2025-08-13 17:34:59,11451.838335662711,IN/WETH
0x66a9893cc07d91d95644aedd05d03f95e1dba8af,2025-08-13 17:34:59,471.451553,USDC/WETH
0x66a9893cc07d91d95644aedd05d03f95e1dba8af,2025-08-13 17:34:59,6604.633965097513,CPOOL/WETH
0x66a9893cc07d91d95644aedd05d03f95e1dba8af,2025-08-13 17:34:59,2212.9580600799513,CPOOL/USDC
0x66a9893cc07d91d95644aedd05d03f95e1dba8af,2025-08-13 17:34:59,307590.0173728657,GEEKS/WETH
0xe592427a0aece92de3edee1f18e0157c05861564,2025-08-13 17:34:59,0.15590641920778672,WETH/Block
0x5141b82f5ffda4c6fe1e372978f1c5427640a190,2025-08-13 17:34:47,0.40183200281,WETH/USDT
0xdf31a70a21a1931e02033dbba7deace6c45cfd0f,2025-08-13 17:34:47,1.4,WETH/Block
0x06cff7088619c7178f5e14f0b119458d08d2f5ef,2025-08-13 17:34:47,1509.45337,USDC/WETH
0x66a9893cc07d91d95644aedd05d03f95e1dba8af,2025-08-13 17:34:47,4927.563812,USDC/WETH
0x66a9893cc07d91d95644aedd05d03f95e1dba8af,2025-08-13 17:34:47,31810.598402634358,CHEX/WETH
0x2e1dee213ba8d7af0934c49a23187babeaca8764,2025-08-13 17:34:47,0.007936,WETH/Block
0x0ed17014e67ac4a1975cdfc1222dd4541f64be39,2025-08-13 17:34:47,810.5923468945962,PEAS/DAI
0x0ed17014e67ac4a1975cdfc1222dd4541f64be39,2025-08-13 17:34:47,4163.7431374013395,DAI/WETH
0xa69babef1ca67a37ffaf7a485dfff3382056e78c,2025-08-13 17:34:47,2107.7633600104473,DAI/WETH
0x75ab076a00d76478e5fcc21cfd95113802f06d23,2025-08-13 17:34:47,0.01076483916376238,WETH/Block
0x68b3465833fb72a70ecdf485e0e4c7bd8665fc45,2025-08-13 17:34:47,21300.394357305533,IN/WETH
0x98c3d3183c4b8a650614ad179a1a98be0a8d6b8e,2025-08-13 17:34:47,0.18223404561761586,WETH/RPL
0x3a10dc1a145da500d5fba38b9ec49c8ff11a981f,2025-08-13 17:34:47,11423483.84677251,ETHX/WETH
0x68b3465833fb72a70ecdf485e0e4c7bd8665fc45,2025-08-13 17:34:35,0.08852059444700633,WETH/SOLX
0x83f81878bf60614266844a77a497c8cab01ab1bb,2025-08-13 17:34:35,52730.6,TRX/WETH
0xe592427a0aece92de3edee1f18e0157c05861564,2025-08-13 17:34:35,0.010983519542344819,aEthWETH/WETH
0x9c9a6973cc4573eaee986b7470097a8e932b9ec6,2025-08-13 17:34:35,10000.0,USDC/WETH
0x9c9a6973cc4573eaee986b7470097a8e932b9ec6,2025-08-13 17:34:35,1604.2227231133922,PEAS/DAI
0x9c9a6973cc4573eaee986b7470097a8e932b9ec6,2025-08-13 17:34:35,376.24466766161777,PEAS/WETH
0xf3fe03cd60d1f138ebc106ce9575475100ebfc9a,2025-08-13 17:34:35,0.010411210033280632,WETH/SPX
0x68b3465833fb72a70ecdf485e0e4c7bd8665fc45,2025-08-13 17:34:35,13851.0,TRX/WETH
0xd3f72b3e91c8124dfc1b4273e93594bb00c9be6f,2025-08-13 17:34:35,18980.508507,USDC/WETH
0xd3f72b3e91c8124dfc1b4273e93594bb00c9be6f,2025-08-13 17:34:35,1.9990409545975583,cbETH/WETH
0x5141b82f5ffda4c6fe1e372978f1c5427640a190,2025-08-13 17:34:35,206.2532625613199,PROVE/WETH
0x2e1dee213ba8d7af0934c49a23187babeaca8764,2025-08-13 17:34:35,5988.275334,USDC/WETH
0x2e1dee213ba8d7af0934c49a23187babeaca8764,2025-08-13 17:34:35,707.592057,USDC/WETH
0x2905d7e4d048d29954f81b02171dd313f457a4a4,2025-08-13 17:34:35,0.1933425,WETH/USDT
0x68b3465833fb72a70ecdf485e0e4c7bd8665fc45,2025-08-13 17:34:35,7038.185492,USDC/SEI
0x66a9893cc07d91d95644aedd05d03f95e1dba8af,2025-08-13 17:34:35,0.6328743258991625,WETH/Block
0x5ddf30555ee9545c8982626b7e3b6f70e5c2635f,2025-08-13 17:34:23,5003448.917873284,GEEKS/WETH
0x1f2f10d1c40777ae1da742455c65828ff36df387,2025-08-13 17:34:23,167347461.21124527,BONE/WETH
0x68b3465833fb72a70ecdf485e0e4c7bd8665fc45,2025-08-13 17:34:23,20000000.0,ETHX/WETH
0xa69babef1ca67a37ffaf7a485dfff3382056e78c,2025-08-13 17:34:23,0.11872714,WBTC/WETH
0x68b3465833fb72a70ecdf485e0e4c7bd8665fc45,2025-08-13 17:34:23,69191.0,TRX/WETH
0xdf31a70a21a1931e02033dbba7deace6c45cfd0f,2025-08-13 17:34:23,49.669577,USDC/WETH
0x68b3465833fb72a70ecdf485e0e4c7bd8665fc45,2025-08-13 17:34:23,4364.6869470932,IN/WETH
0x68b3465833fb72a70ecdf485e0e4c7bd8665fc45,2025-08-13 17:34:23,2445.1149753972572,IN/WETH
0x68b3465833fb72a70ecdf485e0e4c7bd8665fc45,2025-08-13 17:34:23,20000000.0,ETHX/WETH
0x1f2f10d1c40777ae1da742455c65828ff36df387,2025-08-13 17:34:23,167434381.90897667,BONE/WETH
0x80a64c6d7f12c47b7c66c5b4e20e72bc1fcd5d9e,2025-08-13 17:34:23,19199067.423636045,ETHX/WETH
0x68b3465833fb72a70ecdf485e0e4c7bd8665fc45,2025-08-13 17:34:23,20000000.0,ETHX/WETH
0xd4bc53434c5e12cb41381a556c3c47e1a86e80e3,2025-08-13 17:34:23,37954.782798,USDC/WETH
0xd4bc53434c5e12cb41381a556c3c47e1a86e80e3,2025-08-13 17:34:23,5.737499847614431,WETH/USDT
0xd4bc53434c5e12cb41381a556c3c47e1a86e80e3,2025-08-13 17:34:23,4.262499839890808,WETH/USDT
0x66a9893cc07d91d95644aedd05d03f95e1dba8af,2025-08-13 17:34:23,8.536941968022262,GEC/WETH
0x6747bcaf9bd5a5f0758cbe08903490e45ddfacb5,2025-08-13 17:34:23,13326.35492271952,PLUME/USDC
0xdf31a70a21a1931e02033dbba7deace6c45cfd0f,2025-08-13 17:34:23,3629.17987606169,LCX/WETH
0x6aa7a8539543210563af6cf575cc5079b194d0c8,2025-08-13 17:34:23,1676.0167979164771,CVX/CRV
0x66a9893cc07d91d95644aedd05d03f95e1dba8af,2025-08-13 17:34:23,1.1929644630745742,GEC/WETH
0x68b3465833fb72a70ecdf485e0e4c7bd8665fc45,2025-08-13 17:34:23,20000000.0,ETHX/WETH
0x66a9893cc07d91d95644aedd05d03f95e1dba8af,2025-08-13 17:34:11,0.6356098085112739,WETH/USDT
0x3a10dc1a145da500d5fba38b9ec49c8ff11a981f,2025-08-13 17:34:11,319030.97357653786,GEEKS/WETH
0x68b3465833fb72a70ecdf485e0e4c7bd8665fc45,2025-08-13 17:34:11,0.00983508,WETH/BTCBULL
0x68b3465833fb72a70ecdf485e0e4c7bd8665fc45,2025-08-13 17:34:11,2718.6024710736647,IN/WETH
0x3328f7f4a1d1c57c35df56bbf0c9dcafca309c49,2025-08-13 17:34:11,20000000.0,ETHX/WETH
0x5895d114a4992f4ce71d61293f7d4fde93fcd695,2025-08-13 17:34:11,0.286828113790446,WETH/GALA
0x2e1dee213ba8d7af0934c49a23187babeaca8764,2025-08-13 17:34:11,200000.0,GEEKS/WETH
0x3708f5c9533557b1633c7a255ed385348488aeae,2025-08-13 17:34:11,15015.62517,USDC/WETH
0x51c72848c68a965f66fa7a88855f9f7784502a7f,2025-08-13 17:34:11,3.2205201842877216,WETH/USDT
0xa69babef1ca67a37ffaf7a485dfff3382056e78c,2025-08-13 17:34:11,3.9492781583218406,WETH/USDT
0x89cff41ca76ccf62c4c296c5a76e00b47d0c237f,2025-08-13 17:34:11,66.78056825586496,ORAI/WETH
0xa69babef1ca67a37ffaf7a485dfff3382056e78c,2025-08-13 17:34:11,0.7732010272939741,WETH/CRV
0xa69babef1ca67a37ffaf7a485dfff3382056e78c,2025-08-13 17:34:11,0.08298808,WBTC/WETH
0xe592427a0aece92de3edee1f18e0157c05861564,2025-08-13 17:34:11,9200.0,USDC/WETH
0xe592427a0aece92de3edee1f18e0157c05861564,2025-08-13 17:34:11,1.6137581154090193,wstETH/WETH
0x3328f7f4a1d1c57c35df56bbf0c9dcafca309c49,2025-08-13 17:34:11,20000000.0,ETHX/WETH
0x1111111254eeb25477b68fb85ed929f73a960582,2025-08-13 17:34:11,0.002714939483429496,cbETH/WETH
0x68b3465833fb72a70ecdf485e0e4c7bd8665fc45,2025-08-13 17:34:11,6260.800136565624,IN/WETH
0x5141b82f5ffda4c6fe1e372978f1c5427640a190,2025-08-13 17:34:11,394.56936848630806,CHEX/WETH
0x3328f7f4a1d1c57c35df56bbf0c9dcafca309c49,2025-08-13 17:33:59,20000000.0,ETHX/WETH
0x3328f7f4a1d1c57c35df56bbf0c9dcafca309c49,2025-08-13 17:33:59,15812363.192216322,ETHX/WETH
0x5141b82f5ffda4c6fe1e372978f1c5427640a190,2025-08-13 17:33:59,1099.2950605355193,CPOOL/WETH
0x5141b82f5ffda4c6fe1e372978f1c5427640a190,2025-08-13 17:33:59,0.012577071617318246,WETH/XPR
0xe592427a0aece92de3edee1f18e0157c05861564,2025-08-13 17:33:59,25.29621517180082,QNT/WETH
0x68b3465833fb72a70ecdf485e0e4c7bd8665fc45,2025-08-13 17:33:59,111.48310607191956,RNDR/WETH
0x1111111254eeb25477b68fb85ed929f73a960582,2025-08-13 17:33:59,13815.0,SHRAP/WETH
0xdf31a70a21a1931e02033dbba7deace6c45cfd0f,2025-08-13 17:33:59,0.6745938939339619,LINK/USDT
0x3328f7f4a1d1c57c35df56bbf0c9dcafca309c49,2025-08-13 17:33:59,3397799.8393745357,WCM/WETH
0x3328f7f4a1d1c57c35df56bbf0c9dcafca309c49,2025-08-13 17:33:59,20000000.0,ETHX/WETH
0xe592427a0aece92de3edee1f18e0157c05861564,2025-08-13 17:33:59,0.19301774147854803,WETH/Block
0x66a9893cc07d91d95644aedd05d03f95e1dba8af,2025-08-13 17:33:59,203938.71003258298,BPEP/WETH
0x5141b82f5ffda4c6fe1e372978f1c5427640a190,2025-08-13 17:33:59,17198520169.521183,SHIRO/WETH
0x3a10dc1a145da500d5fba38b9ec49c8ff11a981f,2025-08-13 17:33:59,16465666.71328278,ETHX/WETH
0x80a64c6d7f12c47b7c66c5b4e20e72bc1fcd5d9e,2025-08-13 17:33:47,19289553.381904073,ETHX/WETH
0x3a10dc1a145da500d5fba38b9ec49c8ff11a981f,2025-08-13 17:33:47,11423483.84677251,ETHX/WETH
0x1111111254eeb25477b68fb85ed929f73a960582,2025-08-13 17:33:47,2.991,WETH/USDT
0x1111111254eeb25477b68fb85ed929f73a960582,2025-08-13 17:33:47,1056.0,SHFL/USDC
0x68b3465833fb72a70ecdf485e0e4c7bd8665fc45,2025-08-13 17:33:47,30200.004045,USDC/USDT
0x7d0ccaa3fac1e5a943c5168b6ced828691b46b36,2025-08-13 17:33:47,0.495625,WETH/USDT
0x1111111254eeb25477b68fb85ed929f73a960582,2025-08-13 17:33:47,2716.56840520063,CPOOL/WETH
0x1111111254eeb25477b68fb85ed929f73a960582,2025-08-13 17:33:47,0.12286284761911895,WETH/REKT
0xe592427a0aece92de3edee1f18e0157c05861564,2025-08-13 17:33:47,7080.0471,USDC/WETH
0xa69babef1ca67a37ffaf7a485dfff3382056e78c,2025-08-13 17:33:47,3.282391181731859,PAXG/USDC
0xe592427a0aece92de3edee1f18e0157c05861564,2025-08-13 17:33:47,0.01714867289531967,WETH/XPR
0x68b3465833fb72a70ecdf485e0e4c7bd8665fc45,2025-08-13 17:33:47,2278.542948656184,IN/WETH
0x68b3465833fb72a70ecdf485e0e4c7bd8665fc45,2025-08-13 17:33:35,20000000.0,ETHX/WETH
0xe592427a0aece92de3edee1f18e0157c05861564,2025-08-13 17:33:35,4427.423460916919,DOLO/USDC
0x68b3465833fb72a70ecdf485e0e4c7bd8665fc45,2025-08-13 17:33:35,16837.225483,USDC/WETH
0x68b3465833fb72a70ecdf485e0e4c7bd8665fc45,2025-08-13 17:33:35,11236.71867379234,LDO/WETH
0x5141b82f5ffda4c6fe1e372978f1c5427640a190,2025-08-13 17:33:35,0.038881756144913314,WETH/PLU
0xfbd4cdb413e45a52e2c8312f670e9ce67e794c37,2025-08-13 17:33:35,9604.94248,USDC/WETH
0x3328f7f4a1d1c57c35df56bbf0c9dcafca309c49,2025-08-13 17:33:35,20000000.0,ETHX/WETH
0x3328f7f4a1d1c57c35df56bbf0c9dcafca309c49,2025-08-13 17:33:35,20000000.0,ETHX/WETH
0x68b3465833fb72a70ecdf485e0e4c7bd8665fc45,2025-08-13 17:33:35,809.3778561697202,GPU/WETH
0x68b3465833fb72a70ecdf485e0e4c7bd8665fc45,2025-08-13 17:33:35,20000000.0,ETHX/WETH
0x5141b82f5ffda4c6fe1e372978f1c5427640a190,2025-08-13 17:33:35,54.97220863111727,CPOOL/WETH
0x8189afcc5b73dc90600fee92e5267aff1d192884,2025-08-13 17:33:35,2992.5,USDC/USDT
0x68b3465833fb72a70ecdf485e0e4c7bd8665fc45,2025-08-13 17:33:35,20000000.0,ETHX/WETH
0x68b3465833fb72a70ecdf485e0e4c7bd8665fc45,2025-08-13 17:33:35,20000000.0,ETHX/WETH
0x2905d7e4d048d29954f81b02171dd313f457a4a4,2025-08-13 17:33:35,298.399187,USDC/WETH
0x1111111254eeb25477b68fb85ed929f73a960582,2025-08-13 17:33:35,275.33500551354865,CPOOL/WETH
0x68b3465833fb72a70ecdf485e0e4c7bd8665fc45,2025-08-13 17:33:35,20000000.0,ETHX/WETH
0x6e4141d33021b52c91c28608403db4a0ffb50ec6,2025-08-13 17:33:35,918.2163307200124,FET/WETH
0x6e4141d33021b52c91c28608403db4a0ffb50ec6,2025-08-13 17:33:35,677.909285,USDC/WETH
0x68b3465833fb72a70ecdf485e0e4c7bd8665fc45,2025-08-13 17:33:35,1751.0404148313723,IN/WETH
0x68b3465833fb72a70ecdf485e0e4c7bd8665fc45,2025-08-13 17:33:35,20000000.0,ETHX/WETH
0x66a9893cc07d91d95644aedd05d03f95e1dba8af,2025-08-13 17:33:35,0.252494870675653,GEC/WETH
0x2905d7e4d048d29954f81b02171dd313f457a4a4,2025-08-13 17:33:23,3262.270301,USDC/WETH
0x2905d7e4d048d29954f81b02171dd313f457a4a4,2025-08-13 17:33:23,10.0,AAVE/WETH
0x66a9893cc07d91d95644aedd05d03f95e1dba8af,2025-08-13 17:33:23,0.30049111462975614,GEC/WETH
0x66a9893cc07d91d95644aedd05d03f95e1dba8af,2025-08-13 17:33:23,5040.02498100037,ENA/sENA
0xdf31a70a21a1931e02033dbba7deace6c45cfd0f,2025-08-13 17:33:23,102405.13270205114,APU/WETH
0x1f2f10d1c40777ae1da742455c65828ff36df387,2025-08-13 17:33:23,45739.663824,USDC/WETH
0x1f2f10d1c40777ae1da742455c65828ff36df387,2025-08-13 17:33:23,12941.960289,USDC/WETH
0x1f2f10d1c40777ae1da742455c65828ff36df387,2025-08-13 17:33:23,5755.412572,USDC/WETH
0x1f2f10d1c40777ae1da742455c65828ff36df387,2025-08-13 17:33:23,45752.081054,USDC/WETH
0x6a000f20005980200259b80c5102003040001068,2025-08-13 17:33:23,9900.0,USDC/WETH
0x51c72848c68a965f66fa7a88855f9f7784502a7f,2025-08-13 17:33:23,4.896816931495565,WETH/USDT
0xef1c6e67703c7bd7107eed8303fbe6ec2554bf6b,2025-08-13 17:33:23,1086895.770400204,DOK/WETH
0x3328f7f4a1d1c57c35df56bbf0c9dcafca309c49,2025-08-13 17:33:23,2360959.7244607997,GEEKS/WETH
0x9c9a6973cc4573eaee986b7470097a8e932b9ec6,2025-08-13 17:33:23,24970.60811027,wQUIL/WETH
0xc46fcd651bd6ac11255886feabdcebd58b870c86,2025-08-13 17:33:23,0.05815371802225176,WETH/EUL
0xc46fcd651bd6ac11255886feabdcebd58b870c86,2025-08-13 17:33:23,90650.323974441,BOSSBURGER/WETH
0x1111111254eeb25477b68fb85ed929f73a960582,2025-08-13 17:33:23,47.0,USD1/WETH
0x90ecf3d15129e4ef4c106b16bdf9e7e9110102ee,2025-08-13 17:33:23,28502.307607,USDC/WETH
0x5141b82f5ffda4c6fe1e372978f1c5427640a190,2025-08-13 17:33:23,0.002512241361262634,WETH/AXGT
0x66a9893cc07d91d95644aedd05d03f95e1dba8af,2025-08-13 17:33:23,5.955529435585959,GEC/WETH
0x68b3465833fb72a70ecdf485e0e4c7bd8665fc45,2025-08-13 17:33:23,44367143.42722033,ETHX/WETH
0x2905d7e4d048d29954f81b02171dd313f457a4a4,2025-08-13 17:33:11,1.0470096769076198,WETH/USDT
0x2e1dee213ba8d7af0934c49a23187babeaca8764,2025-08-13 17:33:11,11013.198074775011,IN/WETH
0xdf31a70a21a1931e02033dbba7deace6c45cfd0f,2025-08-13 17:32:59,26040.909829081153,BPEP/WETH
0xe592427a0aece92de3edee1f18e0157c05861564,2025-08-13 17:32:59,378.23957873617326,RLUSD/USDC
0xa69babef1ca67a37ffaf7a485dfff3382056e78c,2025-08-13 17:32:59,12163.33534,USDC/WETH
0x1f2f10d1c40777ae1da742455c65828ff36df387,2025-08-13 17:32:59,5339.226086967617,IN/WETH
0x1f2f10d1c40777ae1da742455c65828ff36df387,2025-08-13 17:32:59,5339.224462634659,IN/WETH
0x3a10dc1a145da500d5fba38b9ec49c8ff11a981f,2025-08-13 17:32:59,3956331.8045810587,GEEKS/WETH
0x1111111254eeb25477b68fb85ed929f73a960582,2025-08-13 17:32:59,0.013962521517119872,WETH/ANYONE
0x1111111254eeb25477b68fb85ed929f73a960582,2025-08-13 17:32:59,1926.7810920949617,ATH/WETH
0xe592427a0aece92de3edee1f18e0157c05861564,2025-08-13 17:32:59,22620.371674362028,IN/WETH
0x66a9893cc07d91d95644aedd05d03f95e1dba8af,2025-08-13 17:32:59,3357031.25,AMINO/WETH
0x7d0ccaa3fac1e5a943c5168b6ced828691b46b36,2025-08-13 17:32:59,468.455587,USDC/WETH
0x68b3465833fb72a70ecdf485e0e4c7bd8665fc45,2025-08-13 17:32:59,7751.348701362822,IN/WETH
0xa69babef1ca67a37ffaf7a485dfff3382056e78c,2025-08-13 17:32:59,3.1596271955949224,WETH/USDT
0xa69babef1ca67a37ffaf7a485dfff3382056e78c,2025-08-13 17:32:59,3.2672122836467214,WETH/USDT
0x5141b82f5ffda4c6fe1e372978f1c5427640a190,2025-08-13 17:32:59,4.165866847476458,WETH/USDT
0x5141b82f5ffda4c6fe1e372978f1c5427640a190,2025-08-13 17:32:59,13113.607098,USDC/WETH
0x2e1dee213ba8d7af0934c49a23187babeaca8764,2025-08-13 17:32:59,39.56967078857245,eUSDe/USDC
0x2e1dee213ba8d7af0934c49a23187babeaca8764,2025-08-13 17:32:59,1996.730655,USDT/USDf
0x2e1dee213ba8d7af0934c49a23187babeaca8764,2025-08-13 17:32:59,1997.2719443874514,DAI/USDT
0x68b3465833fb72a70ecdf485e0e4c7bd8665fc45,2025-08-13 17:32:59,13986.693964809441,IN/WETH
0xdf31a70a21a1931e02033dbba7deace6c45cfd0f,2025-08-13 17:32:47,0.006372245355480752,WETH/BERRY
0x6e4141d33021b52c91c28608403db4a0ffb50ec6,2025-08-13 17:32:47,336.8463222332966,LINK/AAVE
0x2905d7e4d048d29954f81b02171dd313f457a4a4,2025-08-13 17:32:47,0.20941389492922233,WETH/USDT
0xe592427a0aece92de3edee1f18e0157c05861564,2025-08-13 17:32:47,929022.2825530092,WCM/WETH
0x68b3465833fb72a70ecdf485e0e4c7bd8665fc45,2025-08-13 17:32:47,0.0036389796,WETH/BTCBULL
0x2e1dee213ba8d7af0934c49a23187babeaca8764,2025-08-13 17:32:47,66.828092,USDC/WETH
0x2e1dee213ba8d7af0934c49a23187babeaca8764,2025-08-13 17:32:47,226028.40633129052,GEEKS/WETH
0x111111125421ca6dc452d289314280a0f8842a65,2025-08-13 17:32:47,24.0,WAAC/WETH
0x68b3465833fb72a70ecdf485e0e4c7bd8665fc45,2025-08-13 17:32:47,0.3035078207787916,WETH/USDT
0x66a9893cc07d91d95644aedd05d03f95e1dba8af,2025-08-13 17:32:47,278.3174928691131,PRIME/WETH
0x66a9893cc07d91d95644aedd05d03f95e1dba8af,2025-08-13 17:32:35,1121992.8161504827,NEKO/WETH
0xa69babef1ca67a37ffaf7a485dfff3382056e78c,2025-08-13 17:32:35,2.338136458825043,WETH/USDT
0xfbd4cdb413e45a52e2c8312f670e9ce67e794c37,2025-08-13 17:32:35,2092.3951047712844,MAVIA/WETH
0x1631cc3d0513f7bcd0da584106825443b7911060,2025-08-13 17:32:35,4000000.0,PEPE/USDC
0x111111125421ca6dc452d289314280a0f8842a65,2025-08-13 17:32:35,3345.598679617029,ZERO/WETH
0xdf31a70a21a1931e02033dbba7deace6c45cfd0f,2025-08-13 17:32:35,9454.011011,USDC/WETH
0x68b3465833fb72a70ecdf485e0e4c7bd8665fc45,2025-08-13 17:32:35,2962500.8785396586,GEEKS/WETH
0xdf31a70a21a1931e02033dbba7deace6c45cfd0f,2025-08-13 17:32:35,12724343.336988954,SWOL/WETH
0xdf31a70a21a1931e02033dbba7deace6c45cfd0f,2025-08-13 17:32:35,10.639181,USDC/cbBTC
0x3328f7f4a1d1c57c35df56bbf0c9dcafca309c49,2025-08-13 17:32:35,13204399.212965246,WCM/WETH
0x2e1dee213ba8d7af0934c49a23187babeaca8764,2025-08-13 17:32:35,309122.1530428679,GEEKS/WETH
0xdf31a70a21a1931e02033dbba7deace6c45cfd0f,2025-08-13 17:32:35,110.264688,USDC/WETH
0x2e1dee213ba8d7af0934c49a23187babeaca8764,2025-08-13 17:32:35,8029.372853,$NTMPI/WETH
0x5141b82f5ffda4c6fe1e372978f1c5427640a190,2025-08-13 17:32:35,2626.518626089693,MAVIA/WETH
0x5141b82f5ffda4c6fe1e372978f1c5427640a190,2025-08-13 17:32:23,1.8511418143494627,WETH/INJ
0x68b3465833fb72a70ecdf485e0e4c7bd8665fc45,2025-08-13 17:32:23,0.001967016,WETH/SOLX
0x68b3465833fb72a70ecdf485e0e4c7bd8665fc45,2025-08-13 17:32:23,10820.677501003678,IN/WETH
0x66a9893cc07d91d95644aedd05d03f95e1dba8af,2025-08-13 17:32:23,0.7456384513332508,GEC/WETH
0xfd0b31d2e955fa55e3fa641fe90e08b677188d35,2025-08-13 17:32:23,120939.37349583107,ENA/sENA
0x1f2f10d1c40777ae1da742455c65828ff36df387,2025-08-13 17:32:23,14333.163857065081,IN/WETH
0x111111125421ca6dc452d289314280a0f8842a65,2025-08-13 17:32:23,1432.8592633306953,PEAS/DAI
0x111111125421ca6dc452d289314280a0f8842a65,2025-08-13 17:32:23,524.3648671924186,PEAS/WETH
0xe592427a0aece92de3edee1f18e0157c05861564,2025-08-13 17:32:23,377701326274.7518,KIZUNA/WETH
0x1f2f10d1c40777ae1da742455c65828ff36df387,2025-08-13 17:32:23,14333.165479554971,IN/WETH
0x66a9893cc07d91d95644aedd05d03f95e1dba8af,2025-08-13 17:32:23,0.01675424864304089,WETH/XPR
0x0b570b66cf3b5eab1fd10c89230cad58aa2fcb59,2025-08-13 17:32:23,1.1613724858566825,WETH/USDT
0x68b3465833fb72a70ecdf485e0e4c7bd8665fc45,2025-08-13 17:32:11,35389.507643590565,IN/WETH
0x68b3465833fb72a70ecdf485e0e4c7bd8665fc45,2025-08-13 17:32:11,719349.6289323773,GEEKS/WETH
0x5141b82f5ffda4c6fe1e372978f1c5427640a190,2025-08-13 17:32:11,1123.976003,USDC/WETH
0x6f695daf43d38209f2c86ea7dcc8f4b8406ff1de,2025-08-13 17:32:11,1010483.9456521893,GEEKS/WETH
0x68b3465833fb72a70ecdf485e0e4c7bd8665fc45,2025-08-13 17:32:11,22161.834165343957,IN/WETH
0xdf31a70a21a1931e02033dbba7deace6c45cfd0f,2025-08-13 17:32:11,0.014693762380532768,WETH/Block
0xfbd4cdb413e45a52e2c8312f670e9ce67e794c37,2025-08-13 17:32:11,3.9177513030961824,WETH/USDT
0x5141b82f5ffda4c6fe1e372978f1c5427640a190,2025-08-13 17:32:11,0.13929290719326867,WETH/AXGT
0x1111111254eeb25477b68fb85ed929f73a960582,2025-08-13 17:32:11,750.0,USDC/WETH
0x2e1dee213ba8d7af0934c49a23187babeaca8764,2025-08-13 17:32:11,80753.31820404562,GEEKS/WETH
0x51c72848c68a965f66fa7a88855f9f7784502a7f,2025-08-13 17:32:11,6.4610518011362155,WETH/USDT
0x68b3465833fb72a70ecdf485e0e4c7bd8665fc45,2025-08-13 17:32:11,913297.05,TEL/WETH
0xe592427a0aece92de3edee1f18e0157c05861564,2025-08-13 17:32:11,464609.9899630898,GEEKS/WETH
0x111111125421ca6dc452d289314280a0f8842a65,2025-08-13 17:32:11,67409.03720093418,ENA/sENA
0x68b3465833fb72a70ecdf485e0e4c7bd8665fc45,2025-08-13 17:32:11,3.1507526,WETH/USDT
0x1f2f10d1c40777ae1da742455c65828ff36df387,2025-08-13 17:32:11,8024.468758295336,IN/WETH
0x68b3465833fb72a70ecdf485e0e4c7bd8665fc45,2025-08-13 17:32:11,3904.1184271278657,IN/WETH
0x1f2f10d1c40777ae1da742455c65828ff36df387,2025-08-13 17:32:11,8024.46696030196,IN/WETH
0x5141b82f5ffda4c6fe1e372978f1c5427640a190,2025-08-13 17:32:11,1.424871043291662,MMX/USDT
0x66a9893cc07d91d95644aedd05d03f95e1dba8af,2025-08-13 17:32:11,2345.0021795253765,OBOL/WETH
0x1103fc560de8b710983e7f3ec09d587f3f848566,2025-08-13 17:32:11,0.30384161980870217,rETH/RPL
0xe592427a0aece92de3edee1f18e0157c05861564,2025-08-13 17:32:11,0.6668817895140349,WETH/Block
0x111111125421ca6dc452d289314280a0f8842a65,2025-08-13 17:31:59,1.0040091657030856,WETH/WXTZ
0x5141b82f5ffda4c6fe1e372978f1c5427640a190,2025-08-13 17:31:59,0.011881429435872075,WETH/âœºRUG
0x2e1dee213ba8d7af0934c49a23187babeaca8764,2025-08-13 17:31:59,2070507.34,TEL/WETH
0x2e1dee213ba8d7af0934c49a23187babeaca8764,2025-08-13 17:31:59,258281.670829886,BOSSBURGER/WETH
0x68b3465833fb72a70ecdf485e0e4c7bd8665fc45,2025-08-13 17:31:59,695.4079428848886,BYTES/WETH
0x68b3465833fb72a70ecdf485e0e4c7bd8665fc45,2025-08-13 17:31:59,20521.477966951,IN/WETH
0x1f2f10d1c40777ae1da742455c65828ff36df387,2025-08-13 17:31:47,2.3361405601358345,rETH/WETH
0x1f2f10d1c40777ae1da742455c65828ff36df387,2025-08-13 17:31:47,2.671365393445937,WETH/USDT
0x1f2f10d1c40777ae1da742455c65828ff36df387,2025-08-13 17:31:47,12.142665301206119,wstETH/WETH
0x1f2f10d1c40777ae1da742455c65828ff36df387,2025-08-13 17:31:47,2.726953669179172,rETH/WETH
0x66a9893cc07d91d95644aedd05d03f95e1dba8af,2025-08-13 17:31:47,37.093158,USDC/WETH
0x66a9893cc07d91d95644aedd05d03f95e1dba8af,2025-08-13 17:31:47,1981.86225603,GALA/FILM
0x66a9893cc07d91d95644aedd05d03f95e1dba8af,2025-08-13 17:31:47,0.007851654002096026,WETH/GALA
0x66a9893cc07d91d95644aedd05d03f95e1dba8af,2025-08-13 17:31:47,2012.222094,USDC/WETH
0x51c72848c68a965f66fa7a88855f9f7784502a7f,2025-08-13 17:31:47,21984.612633,USDC/WETH
0xe592427a0aece92de3edee1f18e0157c05861564,2025-08-13 17:31:47,9930.603562155775,POL/WETH
0x75ab076a00d76478e5fcc21cfd95113802f06d23,2025-08-13 17:31:47,1992735.5344493522,GEEKS/WETH
0x6747bcaf9bd5a5f0758cbe08903490e45ddfacb5,2025-08-13 17:31:47,0.04,WBTC/USDT
0x51c72848c68a965f66fa7a88855f9f7784502a7f,2025-08-13 17:31:47,7.017241395405955,WETH/USDT
0x51c72848c68a965f66fa7a88855f9f7784502a7f,2025-08-13 17:31:47,44687.5,USDC/WETH
0x2e1dee213ba8d7af0934c49a23187babeaca8764,2025-08-13 17:31:35,450236.1449966381,GEEKS/WETH
0x5141b82f5ffda4c6fe1e372978f1c5427640a190,2025-08-13 17:31:35,503391.51778003626,DOGEVERSE/WETH
0xa69babef1ca67a37ffaf7a485dfff3382056e78c,2025-08-13 17:31:35,0.12821784846627116,WETH/GTC
0x5141b82f5ffda4c6fe1e372978f1c5427640a190,2025-08-13 17:31:35,2083.291678,USDC/WETH
0x51c72848c68a965f66fa7a88855f9f7784502a7f,2025-08-13 17:31:35,3.123708098027311,WETH/USDT
0x51c72848c68a965f66fa7a88855f9f7784502a7f,2025-08-13 17:31:35,7.629151374317498,WETH/USDT
0x7d0ccaa3fac1e5a943c5168b6ced828691b46b36,2025-08-13 17:31:35,0.3965,WETH/USDT
0x68b3465833fb72a70ecdf485e0e4c7bd8665fc45,2025-08-13 17:31:35,3611.343821,USDC/WETH
0x66a9893cc07d91d95644aedd05d03f95e1dba8af,2025-08-13 17:31:35,2.574764928072064,GEC/WETH
0x3328f7f4a1d1c57c35df56bbf0c9dcafca309c49,2025-08-13 17:31:35,7177932.043259792,WCM/WETH
0xe592427a0aece92de3edee1f18e0157c05861564,2025-08-13 17:31:35,49246.252106,USDC/WETH
0xe592427a0aece92de3edee1f18e0157c05861564,2025-08-13 17:31:35,6.705746350472972,WETH/USDT
0xe592427a0aece92de3edee1f18e0157c05861564,2025-08-13 17:31:35,17587.947181,USDC/WETH
0xe592427a0aece92de3edee1f18e0157c05861564,2025-08-13 17:31:35,31658.304926,USDC/USDT
0x68b3465833fb72a70ecdf485e0e4c7bd8665fc45,2025-08-13 17:31:35,10149.03799043204,IN/WETH
0x1111111254eeb25477b68fb85ed929f73a960582,2025-08-13 17:31:35,999.960231,USDC/USDT
0x3708f5c9533557b1633c7a255ed385348488aeae,2025-08-13 17:31:35,15787.513324,USDC/WETH
0x2e1dee213ba8d7af0934c49a23187babeaca8764,2025-08-13 17:31:35,27220.054311350177,USDe/USDC
0x66a9893cc07d91d95644aedd05d03f95e1dba8af,2025-08-13 17:31:35,2.1168761814527,WETH/USDT
0x2e1dee213ba8d7af0934c49a23187babeaca8764,2025-08-13 17:31:35,19.735155,USDC/WETH
0x6747bcaf9bd5a5f0758cbe08903490e45ddfacb5,2025-08-13 17:31:35,0.04,WBTC/USDT
0xdf31a70a21a1931e02033dbba7deace6c45cfd0f,2025-08-13 17:31:35,63490913836.52811,BIGGIE/WETH
0x5141b82f5ffda4c6fe1e372978f1c5427640a190,2025-08-13 17:31:35,2339.365054,USDC/WETH
0x68b3465833fb72a70ecdf485e0e4c7bd8665fc45,2025-08-13 17:31:35,14342.841295806791,IN/WETH
0x66a9893cc07d91d95644aedd05d03f95e1dba8af,2025-08-13 17:31:35,0.27313597230518094,rETH/WETH
0x68b3465833fb72a70ecdf485e0e4c7bd8665fc45,2025-08-13 17:31:35,944.265464,USDC/WETH
0x2905d7e4d048d29954f81b02171dd313f457a4a4,2025-08-13 17:31:35,1.2744726139740983,ENA/WETH
0xe592427a0aece92de3edee1f18e0157c05861564,2025-08-13 17:31:23,0.3023251983050241,WETH/XPR
0x2e1dee213ba8d7af0934c49a23187babeaca8764,2025-08-13 17:31:23,425.307637,USDC/WETH
0x66a9893cc07d91d95644aedd05d03f95e1dba8af,2025-08-13 17:31:23,50000.324781521,BOSSBURGER/WETH
0x70b9593b0929dd6f2bc29eaadfcbee92d4abf1fd,2025-08-13 17:31:23,174.081596,USDC/INF
0x70b9593b0929dd6f2bc29eaadfcbee92d4abf1fd,2025-08-13 17:31:23,174.081596,USDC/WETH
0xe592427a0aece92de3edee1f18e0157c05861564,2025-08-13 17:31:23,151.271634,USDC/INF
0x5141b82f5ffda4c6fe1e372978f1c5427640a190,2025-08-13 17:31:23,1.5656396107734225,WETH/INJ
0x5141b82f5ffda4c6fe1e372978f1c5427640a190,2025-08-13 17:31:23,4713.271497,USDC/WETH
0x6e4141d33021b52c91c28608403db4a0ffb50ec6,2025-08-13 17:31:23,70498.02931,USDT/USDf
0xdf31a70a21a1931e02033dbba7deace6c45cfd0f,2025-08-13 17:31:23,5129.826154535338,GEEKS/WETH
0x5141b82f5ffda4c6fe1e372978f1c5427640a190,2025-08-13 17:31:23,0.007332821199789222,WETH/Block
0x2e1dee213ba8d7af0934c49a23187babeaca8764,2025-08-13 17:31:23,21987.20059817101,IN/WETH
0x7d0ccaa3fac1e5a943c5168b6ced828691b46b36,2025-08-13 17:31:11,0.099125,WETH/USDT
0x66a9893cc07d91d95644aedd05d03f95e1dba8af,2025-08-13 17:31:11,0.025,WETH/AXGT
0x2e1dee213ba8d7af0934c49a23187babeaca8764,2025-08-13 17:31:11,258890.07437543827,GEEKS/WETH
0x111111125421ca6dc452d289314280a0f8842a65,2025-08-13 17:31:11,1.42080739027068,WBNB/WETH
0xe592427a0aece92de3edee1f18e0157c05861564,2025-08-13 17:31:11,4459.234828113513,basedAI/WETH
0x1111111254eeb25477b68fb85ed929f73a960582,2025-08-13 17:31:11,50.0,RIO/WETH
0x1111111254eeb25477b68fb85ed929f73a960582,2025-08-13 17:31:11,0.0655949175968365,WETH/XPR
0x1111111254eeb25477b68fb85ed929f73a960582,2025-08-13 17:31:11,0.0655949175968365,WETH/USDT
0x1111111254eeb25477b68fb85ed929f73a960582,2025-08-13 17:31:11,360.157371,USDC/WETH
0x1f2f10d1c40777ae1da742455c65828ff36df387,2025-08-13 17:31:11,2.0472281649400697,rETH/WETH
0x1f2f10d1c40777ae1da742455c65828ff36df387,2025-08-13 17:31:11,1.639276838119663,rETH/WETH
0x66a9893cc07d91d95644aedd05d03f95e1dba8af,2025-08-13 17:30:59,1002500.0,GEEKS/WETH
0x50bf20318ce9100ac4374ab4bed5fe4b1f8cc6b3,2025-08-13 17:30:59,1.0496215216809959,rETH/WETH
0x5141b82f5ffda4c6fe1e372978f1c5427640a190,2025-08-13 17:30:59,1795.6889999919001,UMA/WETH
0xdf31a70a21a1931e02033dbba7deace6c45cfd0f,2025-08-13 17:30:47,245164.66797692145,SUPERGROK/WETH
0xdf31a70a21a1931e02033dbba7deace6c45cfd0f,2025-08-13 17:30:47,1.2793936635244174,ENA/USDC
0x68b3465833fb72a70ecdf485e0e4c7bd8665fc45,2025-08-13 17:30:47,22047.017100721314,IN/WETH
0x2e1dee213ba8d7af0934c49a23187babeaca8764,2025-08-13 17:30:47,100.0,SERV/WETH
0x06cff7088619c7178f5e14f0b119458d08d2f5ef,2025-08-13 17:30:47,0.7090551091474888,WBNB/WETH
0x3a10dc1a145da500d5fba38b9ec49c8ff11a981f,2025-08-13 17:30:35,9745418.74221881,WCM/WETH
0x5141b82f5ffda4c6fe1e372978f1c5427640a190,2025-08-13 17:30:35,9900.0,SERV/WETH
0x3fc91a3afd70395cd496c647d5a6cc9d4b2b7fad,2025-08-13 17:30:35,2362.345907,USDC/WETH
0xe592427a0aece92de3edee1f18e0157c05861564,2025-08-13 17:30:35,1.6909374453152644,WBNB/WETH
0x66a9893cc07d91d95644aedd05d03f95e1dba8af,2025-08-13 17:30:35,31538.769295577415,CHEX/WETH
0x66a9893cc07d91d95644aedd05d03f95e1dba8af,2025-08-13 17:30:35,1.0433898212274308,WETH/USDT
0x7d0ccaa3fac1e5a943c5168b6ced828691b46b36,2025-08-13 17:30:35,0.495625,WETH/USDT
0xdf31a70a21a1931e02033dbba7deace6c45cfd0f,2025-08-13 17:30:35,8.269514640564923,PROVE/WETH
0x66a9893cc07d91d95644aedd05d03f95e1dba8af,2025-08-13 17:30:35,1000.0,FLT/WETH
0x68b3465833fb72a70ecdf485e0e4c7bd8665fc45,2025-08-13 17:30:35,35512.13328760766,IN/WETH
0xe130d0cc8ef1b4487c8b7b6473af50693fc841b6,2025-08-13 17:30:35,0.03147096663887268,WETH/AP
0x66a9893cc07d91d95644aedd05d03f95e1dba8af,2025-08-13 17:30:35,39.097928872,wTAO/WETH
0x66a9893cc07d91d95644aedd05d03f95e1dba8af,2025-08-13 17:30:35,0.36201103870156326,GEC/WETH
0x66a9893cc07d91d95644aedd05d03f95e1dba8af,2025-08-13 17:30:35,0.1,WETH/AP
0xfbd4cdb413e45a52e2c8312f670e9ce67e794c37,2025-08-13 17:30:35,0.6951198326835272,WETH/CRV
0xfbd4cdb413e45a52e2c8312f670e9ce67e794c37,2025-08-13 17:30:35,657.0110559848396,PENDLE/WETH
0x4313c378cc91ea583c91387b9216e2c03096b27f,2025-08-13 17:30:35,397842.3389346003,WCM/WETH
0x66a9893cc07d91d95644aedd05d03f95e1dba8af,2025-08-13 17:30:35,2215.754007,OPSEC/WETH
0x68b3465833fb72a70ecdf485e0e4c7bd8665fc45,2025-08-13 17:30:35,31469.432661282222,IN/WETH
0xdf31a70a21a1931e02033dbba7deace6c45cfd0f,2025-08-13 17:30:35,299.25,USDC/WETH
0x22cb7c436decc35542c8599c7f0b6a0b7c609371,2025-08-13 17:30:23,388.84292044119456,INST/WETH
0xefe7a50f92b089b06d0e6cbcc85d7584424921b2,2025-08-13 17:30:23,0.057409825779654144,WETH/USDT
0x5141b82f5ffda4c6fe1e372978f1c5427640a190,2025-08-13 17:30:23,1799585.700517009,SWOL/WETH
0x50bf20318ce9100ac4374ab4bed5fe4b1f8cc6b3,2025-08-13 17:30:23,20.991844338857877,rETH/WETH
0xe592427a0aece92de3edee1f18e0157c05861564,2025-08-13 17:30:23,5.108799,USDC/WETH
0x66a9893cc07d91d95644aedd05d03f95e1dba8af,2025-08-13 17:30:23,6277.27046413702,BPEP/WETH
0x2face000aed2725515d21e5dea730852e82b38c5,2025-08-13 17:30:23,9.805979593676348,rETH/WETH
0xdf31a70a21a1931e02033dbba7deace6c45cfd0f,2025-08-13 17:30:11,499.25,USDC/WETH
0xe592427a0aece92de3edee1f18e0157c05861564,2025-08-13 17:30:11,0.018629465316227216,WETH/USDT
0x5f9ecf757137d5ef4330ab72d18163c2f221befd,2025-08-13 17:30:11,157.6266,TORN/WETH
0x5141b82f5ffda4c6fe1e372978f1c5427640a190,2025-08-13 17:29:59,0.11218496411627092,WETH/USDT
0xe592427a0aece92de3edee1f18e0157c05861564,2025-08-13 17:29:59,0.11135443543018267,WETH/Block
0xfbd4cdb413e45a52e2c8312f670e9ce67e794c37,2025-08-13 17:29:59,3.5109267838125047,WETH/USDT
0xe592427a0aece92de3edee1f18e0157c05861564,2025-08-13 17:29:59,23369.26470535564,SERV/WETH
0xe592427a0aece92de3edee1f18e0157c05861564,2025-08-13 17:29:59,0.12374556314617924,WETH/Block
0x68b3465833fb72a70ecdf485e0e4c7bd8665fc45,2025-08-13 17:29:59,12305.425539513142,IN/WETH
0x5141b82f5ffda4c6fe1e372978f1c5427640a190,2025-08-13 17:29:59,0.01646696,WBTC/USDT
0x5141b82f5ffda4c6fe1e372978f1c5427640a190,2025-08-13 17:29:59,643.1707192122698,TORN/WETH
0x5141b82f5ffda4c6fe1e372978f1c5427640a190,2025-08-13 17:29:59,92.80772626839139,TORN/USDC
0xdf31a70a21a1931e02033dbba7deace6c45cfd0f,2025-08-13 17:29:59,21808.2116989,GREEN/WETH
0x01cd6ece857ccc90d66edfb3e57fdc5adaad1412,2025-08-13 17:29:59,167870786.6115774,ANFD/NFD
0x01cd6ece857ccc90d66edfb3e57fdc5adaad1412,2025-08-13 17:29:59,167870786.6115774,ANFD/WETH
0x66a9893cc07d91d95644aedd05d03f95e1dba8af,2025-08-13 17:29:59,1.281792,USDM/USDT
0x66a9893cc07d91d95644aedd05d03f95e1dba8af,2025-08-13 17:29:59,10.0,HKDM/USDM
0x7d0ccaa3fac1e5a943c5168b6ced828691b46b36,2025-08-13 17:29:59,83.042506,USDC/WETH
0x4fed5e80294c958f3ceea7df8e77fcbecd8a5545,2025-08-13 17:29:59,0.6150933849251007,WETH/INJ
0x111111125421ca6dc452d289314280a0f8842a65,2025-08-13 17:29:59,37.876975,USDC/WETH
0x111111125421ca6dc452d289314280a0f8842a65,2025-08-13 17:29:59,126288.20153637162,GEEKS/WETH
0xdf31a70a21a1931e02033dbba7deace6c45cfd0f,2025-08-13 17:29:59,9833.585408056011,RLB/USDC
0x9c9a6973cc4573eaee986b7470097a8e932b9ec6,2025-08-13 17:29:59,2.8953655014262307,WETH/USDT
0x51c72848c68a965f66fa7a88855f9f7784502a7f,2025-08-13 17:29:59,8651.110007140698,LDO/WETH
0xef1c6e67703c7bd7107eed8303fbe6ec2554bf6b,2025-08-13 17:29:59,0.08446656108234428,beraSTONE/WETH
0x66a9893cc07d91d95644aedd05d03f95e1dba8af,2025-08-13 17:29:59,0.25,WETH/USDT
0x66a9893cc07d91d95644aedd05d03f95e1dba8af,2025-08-13 17:29:59,5906.206337,USDC/WETH
0x66a9893cc07d91d95644aedd05d03f95e1dba8af,2025-08-13 17:29:59,3.5,WETH/INJ
0x1111111254eeb25477b68fb85ed929f73a960582,2025-08-13 17:29:59,0.07,WETH/USDT
0xa69babef1ca67a37ffaf7a485dfff3382056e78c,2025-08-13 17:29:59,0.09512406,WBTC/WETH
0x3fc91a3afd70395cd496c647d5a6cc9d4b2b7fad,2025-08-13 17:29:59,5.0,WETH/USDT
0xdf31a70a21a1931e02033dbba7deace6c45cfd0f,2025-08-13 17:29:47,657963977.62242,howsthisforatickernamelooooollol/WETH
0x68b3465833fb72a70ecdf485e0e4c7bd8665fc45,2025-08-13 17:29:47,15886.81476299878,IN/WETH
0x3a10dc1a145da500d5fba38b9ec49c8ff11a981f,2025-08-13 17:29:47,8035220.741905321,GEEKS/WETH
0x68b3465833fb72a70ecdf485e0e4c7bd8665fc45,2025-08-13 17:29:47,35908.96545112434,IN/WETH
0x2905d7e4d048d29954f81b02171dd313f457a4a4,2025-08-13 17:29:47,0.4948234353849349,WETH/USDT
0x2905d7e4d048d29954f81b02171dd313f457a4a4,2025-08-13 17:29:47,1383.230721,USDC/WETH
0xdf31a70a21a1931e02033dbba7deace6c45cfd0f,2025-08-13 17:29:47,1562.790743086603,PLUME/USDC
0x3a10dc1a145da500d5fba38b9ec49c8ff11a981f,2025-08-13 17:29:35,924869.7227897015,WCM/WETH
0xa69babef1ca67a37ffaf7a485dfff3382056e78c,2025-08-13 17:29:35,0.10243680029112137,WETH/GTC
0x5141b82f5ffda4c6fe1e372978f1c5427640a190,2025-08-13 17:29:35,1.0563862770502688,WETH/USUAL
0x5141b82f5ffda4c6fe1e372978f1c5427640a190,2025-08-13 17:29:35,8056.116579,USDC/WETH
0x3a10dc1a145da500d5fba38b9ec49c8ff11a981f,2025-08-13 17:29:35,798039.9730330525,WCM/WETH
0x1111111254eeb25477b68fb85ed929f73a960582,2025-08-13 17:29:35,0.02203975068796866,WETH/SOL
0x4313c378cc91ea583c91387b9216e2c03096b27f,2025-08-13 17:29:35,1708496.6427978778,GEEKS/WETH
0x111111125421ca6dc452d289314280a0f8842a65,2025-08-13 17:29:35,7221012.77468398,WPLS/WETH
0x111111125421ca6dc452d289314280a0f8842a65,2025-08-13 17:29:35,29468038.412837267,WPLS/WETH
0x3a10dc1a145da500d5fba38b9ec49c8ff11a981f,2025-08-13 17:29:35,814981.3703337285,WCM/WETH
0xdf31a70a21a1931e02033dbba7deace6c45cfd0f,2025-08-13 17:29:35,49226450.36486624,SWOL/WETH
0x2e1dee213ba8d7af0934c49a23187babeaca8764,2025-08-13 17:29:35,0.45,WETH/USDT
0x2e1dee213ba8d7af0934c49a23187babeaca8764,2025-08-13 17:29:35,1258.5620167362308,GHO/USDC
0x2e1dee213ba8d7af0934c49a23187babeaca8764,2025-08-13 17:29:35,1258.028909,USDC/WETH
0x2e1dee213ba8d7af0934c49a23187babeaca8764,2025-08-13 17:29:35,1997.6729375087916,USDe/USDC
0x111111125421ca6dc452d289314280a0f8842a65,2025-08-13 17:29:35,47.0,USD1/WETH
0xe592427a0aece92de3edee1f18e0157c05861564,2025-08-13 17:29:35,0.42818346,WBTC/USDC
0x66a9893cc07d91d95644aedd05d03f95e1dba8af,2025-08-13 17:29:35,18875.261349368608,CHEX/WETH
0x66a9893cc07d91d95644aedd05d03f95e1dba8af,2025-08-13 17:29:35,0.6269071458589077,WETH/USDT
0x66a9893cc07d91d95644aedd05d03f95e1dba8af,2025-08-13 17:29:35,287.085362,USDC/WETH
0xe592427a0aece92de3edee1f18e0157c05861564,2025-08-13 17:29:35,0.4207775346367195,WETH/Block
0x5141b82f5ffda4c6fe1e372978f1c5427640a190,2025-08-13 17:29:35,7376.216469170104,CHEX/WETH
0xe592427a0aece92de3edee1f18e0157c05861564,2025-08-13 17:29:35,1042464.7703867349,GEEKS/WETH
0xe592427a0aece92de3edee1f18e0157c05861564,2025-08-13 17:29:35,4427.423460916919,DOLO/USDC
0x3328f7f4a1d1c57c35df56bbf0c9dcafca309c49,2025-08-13 17:29:23,22728652.41958995,WCM/WETH
0x51c72848c68a965f66fa7a88855f9f7784502a7f,2025-08-13 17:29:23,19583.947626,USDC/WETH
0x51c72848c68a965f66fa7a88855f9f7784502a7f,2025-08-13 17:29:23,1.0684543226658052,WETH/EIGEN
0x2e1dee213ba8d7af0934c49a23187babeaca8764,2025-08-13 17:29:23,4.942995964416137,OKB/USDT
0x2e1dee213ba8d7af0934c49a23187babeaca8764,2025-08-13 17:29:23,500.0,USDC/USDT
0x7d0ccaa3fac1e5a943c5168b6ced828691b46b36,2025-08-13 17:29:23,0.12061995212056277,WETH/USDT
0x7d0ccaa3fac1e5a943c5168b6ced828691b46b36,2025-08-13 17:29:23,0.145201582553203,WETH/USDT
0x3a10dc1a145da500d5fba38b9ec49c8ff11a981f,2025-08-13 17:29:23,883456.0000758058,GEEKS/WETH
0x00000000009e50a7ddb7a7b0e2ee6604fd120e49,2025-08-13 17:29:23,961.5030589712392,BOOE/HOPE
0x68b3465833fb72a70ecdf485e0e4c7bd8665fc45,2025-08-13 17:29:23,13757.172131666379,IN/WETH
0x2e1dee213ba8d7af0934c49a23187babeaca8764,2025-08-13 17:29:23,20.79787848430953,LINK/USDC
0x51c72848c68a965f66fa7a88855f9f7784502a7f,2025-08-13 17:29:23,6817.663271042196,LDO/WETH
0x3328f7f4a1d1c57c35df56bbf0c9dcafca309c49,2025-08-13 17:29:23,10154552.297067273,GEEKS/WETH
0x7d0ccaa3fac1e5a943c5168b6ced828691b46b36,2025-08-13 17:29:23,0.10798167044271809,WETH/USDT
0x6088d94c5a40cecd3ae2d4e0710ca687b91c61d0,2025-08-13 17:29:23,3580.59243,USDC/WETH
0x5141b82f5ffda4c6fe1e372978f1c5427640a190,2025-08-13 17:29:23,59862.24,TEL/WETH
0x68b3465833fb72a70ecdf485e0e4c7bd8665fc45,2025-08-13 17:29:11,1693.701487298255,IN/WETH
0x6747bcaf9bd5a5f0758cbe08903490e45ddfacb5,2025-08-13 17:29:11,2953.5775054690075,USD1/USDT
0xa69babef1ca67a37ffaf7a485dfff3382056e78c,2025-08-13 17:29:11,6832.9880083496,LDO/WETH
0x9c9a6973cc4573eaee986b7470097a8e932b9ec6,2025-08-13 17:29:11,3487.886752,USDC/WETH
0x66a9893cc07d91d95644aedd05d03f95e1dba8af,2025-08-13 17:29:11,472.52513,USDC/WETH
0x66a9893cc07d91d95644aedd05d03f95e1dba8af,2025-08-13 17:29:11,133.777493592,TONCOIN/USDT
0x66a9893cc07d91d95644aedd05d03f95e1dba8af,2025-08-13 17:29:11,1194.85665216,TONCOIN/WETH
0x68b3465833fb72a70ecdf485e0e4c7bd8665fc45,2025-08-13 17:29:11,9533.200650594132,IN/WETH
0x2905d7e4d048d29954f81b02171dd313f457a4a4,2025-08-13 17:29:11,23613.76622,USDC/WETH
0x24e13738835abe0207eefda24c866a8f721d2da8,2025-08-13 17:29:11,3.2670713074757165,WETH/USDT
0x24e13738835abe0207eefda24c866a8f721d2da8,2025-08-13 17:29:11,15441.707604,USDC/WETH
0x66a9893cc07d91d95644aedd05d03f95e1dba8af,2025-08-13 17:29:11,1.02761,wNXM/WETH
0x5141b82f5ffda4c6fe1e372978f1c5427640a190,2025-08-13 17:29:11,0.9905,WETH/USDT
0x66a9893cc07d91d95644aedd05d03f95e1dba8af,2025-08-13 17:29:11,2962.281427,USDC/WETH
0x66a9893cc07d91d95644aedd05d03f95e1dba8af,2025-08-13 17:29:11,18796.834488389934,CHEX/WETH
0x66a9893cc07d91d95644aedd05d03f95e1dba8af,2025-08-13 17:29:11,0.13868088823401695,WETH/AXGT
0x68b3465833fb72a70ecdf485e0e4c7bd8665fc45,2025-08-13 17:29:11,33988.82080117575,IN/WETH
0x66a9893cc07d91d95644aedd05d03f95e1dba8af,2025-08-13 17:29:11,0.005205491096664453,WETH/AXGT
0xa69babef1ca67a37ffaf7a485dfff3382056e78c,2025-08-13 17:29:11,495.812837312505,PENDLE/WETH
0xe592427a0aece92de3edee1f18e0157c05861564,2025-08-13 17:29:11,2.2,wstETH/WETH
0x75ab076a00d76478e5fcc21cfd95113802f06d23,2025-08-13 17:29:11,1992735.5344493522,GEEKS/WETH
0x6747bcaf9bd5a5f0758cbe08903490e45ddfacb5,2025-08-13 17:29:11,1161.163455,USDC/WETH
0x2e1dee213ba8d7af0934c49a23187babeaca8764,2025-08-13 17:29:11,495.811189,USDC/WETH
0x2905d7e4d048d29954f81b02171dd313f457a4a4,2025-08-13 17:29:11,6815.018814,USDC/WETH
0x5141b82f5ffda4c6fe1e372978f1c5427640a190,2025-08-13 17:28:59,5.460673074277918,WETH/USDT
0x5141b82f5ffda4c6fe1e372978f1c5427640a190,2025-08-13 17:28:59,31760.601195,USDC/WETH
0xfbd4cdb413e45a52e2c8312f670e9ce67e794c37,2025-08-13 17:28:59,3.6969648405442626,WETH/USDT
0xe592427a0aece92de3edee1f18e0157c05861564,2025-08-13 17:28:59,0.46718905965636676,WETH/Block
0x1f2f10d1c40777ae1da742455c65828ff36df387,2025-08-13 17:28:59,1.0928793898565845,BNB/WETH
0x7d0ccaa3fac1e5a943c5168b6ced828691b46b36,2025-08-13 17:28:59,0.008425625,WETH/TREAT
0xe592427a0aece92de3edee1f18e0157c05861564,2025-08-13 17:28:59,0.006979,WETH/USDT
0xa69babef1ca67a37ffaf7a485dfff3382056e78c,2025-08-13 17:28:59,2.086114428638425,WETH/USDT
0x73886296088814b7606ea1a82043fbe4aebbdaec,2025-08-13 17:28:59,8550.769119,USDC/WETH
0x6e4141d33021b52c91c28608403db4a0ffb50ec6,2025-08-13 17:28:59,3.4285739455084556,BNB/WETH
0x6e4141d33021b52c91c28608403db4a0ffb50ec6,2025-08-13 17:28:59,0.41,WETH/USDT
0x6e4141d33021b52c91c28608403db4a0ffb50ec6,2025-08-13 17:28:59,1936.1911449577544,USD1/USDT
0x1111111254eeb25477b68fb85ed929f73a960582,2025-08-13 17:28:59,620.860194,USDC/WETH
0xeff6cb8b614999d130e537751ee99724d01aa167,2025-08-13 17:28:59,23798.101975,USDC/WETH
0x66a9893cc07d91d95644aedd05d03f95e1dba8af,2025-08-13 17:28:59,0.0085,WETH/MIND
0xfbd4cdb413e45a52e2c8312f670e9ce67e794c37,2025-08-13 17:28:47,661.4891587698062,UNI/USDT
0x1111111254eeb25477b68fb85ed929f73a960582,2025-08-13 17:28:47,50.377527,EUROC/WETH
0xdf31a70a21a1931e02033dbba7deace6c45cfd0f,2025-08-13 17:28:47,0.3341950129621253,WETH/USDT
0x6f695daf43d38209f2c86ea7dcc8f4b8406ff1de,2025-08-13 17:28:47,1010483.9456521893,GEEKS/WETH
0x7882570840a97a490a37bd8db9e1ae39165bfbd6,2025-08-13 17:28:47,1.7770625020560133,WETH/USDT
0x1f2f10d1c40777ae1da742455c65828ff36df387,2025-08-13 17:28:47,180235217.94532302,BONE/WETH
0xdf31a70a21a1931e02033dbba7deace6c45cfd0f,2025-08-13 17:28:47,75.4384862,PRO/WETH
0x66a9893cc07d91d95644aedd05d03f95e1dba8af,2025-08-13 17:28:47,11927382978.899935,SHIRO/WETH
0x68b3465833fb72a70ecdf485e0e4c7bd8665fc45,2025-08-13 17:28:47,0.00881191288974352,WETH/Block
0xe592427a0aece92de3edee1f18e0157c05861564,2025-08-13 17:28:47,2.80244,XAUt/USDT
0x1f2f10d1c40777ae1da742455c65828ff36df387,2025-08-13 17:28:47,3893.101854721,KEKIUS/MOONKIN
0x1f2f10d1c40777ae1da742455c65828ff36df387,2025-08-13 17:28:47,153111318.8953567,BONE/WETH
0x66a9893cc07d91d95644aedd05d03f95e1dba8af,2025-08-13 17:28:47,72400.0,VOLT/DRAGONX
0x66a9893cc07d91d95644aedd05d03f95e1dba8af,2025-08-13 17:28:47,436.393,USDC/WETH
0x66a9893cc07d91d95644aedd05d03f95e1dba8af,2025-08-13 17:28:47,29.088442390112068,DMT/WETH
0xe592427a0aece92de3edee1f18e0157c05861564,2025-08-13 17:28:35,3903112.3331466727,WCM/WETH
0xe592427a0aece92de3edee1f18e0157c05861564,2025-08-13 17:28:35,20644.715776,EUROC/USDC
0x68b3465833fb72a70ecdf485e0e4c7bd8665fc45,2025-08-13 17:28:35,21368.654084019763,IN/WETH
0x111111125421ca6dc452d289314280a0f8842a65,2025-08-13 17:28:35,98.21768,USDT/TRU
0x2e1dee213ba8d7af0934c49a23187babeaca8764,2025-08-13 17:28:35,0.066883349995,WETH/TITANX
0x7d0ccaa3fac1e5a943c5168b6ced828691b46b36,2025-08-13 17:28:35,2.97375,WETH/USDT
0xdf31a70a21a1931e02033dbba7deace6c45cfd0f,2025-08-13 17:28:35,191456.65194850613,CULT/WETH
0x89cff41ca76ccf62c4c296c5a76e00b47d0c237f,2025-08-13 17:28:35,140406.47653914,BOSSBURGER/WETH
0x6a000f20005980200259b80c5102003040001068,2025-08-13 17:28:35,0.09,WBTC/USDT
0x68b3465833fb72a70ecdf485e0e4c7bd8665fc45,2025-08-13 17:28:35,29882.44493991026,IN/WETH
0x68b3465833fb72a70ecdf485e0e4c7bd8665fc45,2025-08-13 17:28:35,4163.990035433178,IN/WETH
0xe7158af48573c6a9d24a53fa4adb62de77ea65ec,2025-08-13 17:28:35,0.1381,WETH/wCFG
0x66a9893cc07d91d95644aedd05d03f95e1dba8af,2025-08-13 17:28:35,2469.028574,USDC/WETH
0x66a9893cc07d91d95644aedd05d03f95e1dba8af,2025-08-13 17:28:35,15606.630536653845,CHEX/WETH
0xe592427a0aece92de3edee1f18e0157c05861564,2025-08-13 17:28:35,0.0273515,WBTC/USDT
0xfbd4cdb413e45a52e2c8312f670e9ce67e794c37,2025-08-13 17:28:35,20388.413666,USDC/WETH
0xfbd4cdb413e45a52e2c8312f670e9ce67e794c37,2025-08-13 17:28:35,7132.806197656269,ENA/WETH
0x3fc91a3afd70395cd496c647d5a6cc9d4b2b7fad,2025-08-13 17:28:35,1022127.3007639307,GEEKS/WETH
0x68b3465833fb72a70ecdf485e0e4c7bd8665fc45,2025-08-13 17:28:35,8693.480670238001,IN/WETH
0x66a9893cc07d91d95644aedd05d03f95e1dba8af,2025-08-13 17:28:35,1145.723555,USDC/WETH
0x66a9893cc07d91d95644aedd05d03f95e1dba8af,2025-08-13 17:28:35,232660.6019746448,SDEX/WETH
0x2e1dee213ba8d7af0934c49a23187babeaca8764,2025-08-13 17:28:35,36.65626300742428,EMP/WETH
0x1111111254eeb25477b68fb85ed929f73a960582,2025-08-13 17:28:35,1.9798277243350577,LINK/WETH
0x1111111254eeb25477b68fb85ed929f73a960582,2025-08-13 17:28:35,47.0,USD1/WETH
0xe592427a0aece92de3edee1f18e0157c05861564,2025-08-13 17:28:35,0.5,WETH/USDT
0x1111111254eeb25477b68fb85ed929f73a960582,2025-08-13 17:28:35,0.20836992134481183,WETH/USDT
0x1631cc3d0513f7bcd0da584106825443b7911060,2025-08-13 17:28:35,5.316725,USDC/WETH
0xdf31a70a21a1931e02033dbba7deace6c45cfd0f,2025-08-13 17:28:35,1.878983002221911,BNB/WETH
0xdf31a70a21a1931e02033dbba7deace6c45cfd0f,2025-08-13 17:28:35,0.3367642540565773,BNB/WETH
0x2e1dee213ba8d7af0934c49a23187babeaca8764,2025-08-13 17:28:35,10970.366637694047,IN/WETH
0xfbd4cdb413e45a52e2c8312f670e9ce67e794c37,2025-08-13 17:28:35,4.224739506788194,WETH/USDT
0x5141b82f5ffda4c6fe1e372978f1c5427640a190,2025-08-13 17:28:23,416.329365680007,TORN/WETH
0x5141b82f5ffda4c6fe1e372978f1c5427640a190,2025-08-13 17:28:23,1891.736532,USDC/WETH
0x5141b82f5ffda4c6fe1e372978f1c5427640a190,2025-08-13 17:28:23,151.5217017799563,TORN/USDC
0x3fc91a3afd70395cd496c647d5a6cc9d4b2b7fad,2025-08-13 17:28:11,33075.218586,USDC/WETH
0x98c3d3183c4b8a650614ad179a1a98be0a8d6b8e,2025-08-13 17:28:11,2242.053202,USDC/SPK
0x66a9893cc07d91d95644aedd05d03f95e1dba8af,2025-08-13 17:28:11,100.0,USDC/WETH
0x66a9893cc07d91d95644aedd05d03f95e1dba8af,2025-08-13 17:28:11,0.02113785268793878,WETH/ANYONE
0x3fc91a3afd70395cd496c647d5a6cc9d4b2b7fad,2025-08-13 17:28:11,0.89048,WETH/USDT
0x6e4141d33021b52c91c28608403db4a0ffb50ec6,2025-08-13 17:28:11,18074.23483075359,SKY/MKR
0x66a9893cc07d91d95644aedd05d03f95e1dba8af,2025-08-13 17:28:11,29220.571712836,KEKIUS/WETH
0xdf31a70a21a1931e02033dbba7deace6c45cfd0f,2025-08-13 17:28:11,34108.257059136704,IN/WETH
0x3a10dc1a145da500d5fba38b9ec49c8ff11a981f,2025-08-13 17:28:11,485673.13417945785,GEEKS/WETH
0x6e4141d33021b52c91c28608403db4a0ffb50ec6,2025-08-13 17:28:11,0.1600484496654329,WETH/USDT
0x2e1dee213ba8d7af0934c49a23187babeaca8764,2025-08-13 17:28:11,50078.06695394687,NXRA/WETH
0xfbd4cdb413e45a52e2c8312f670e9ce67e794c37,2025-08-13 17:28:11,680.1961907333728,PENDLE/WETH
0x6747bcaf9bd5a5f0758cbe08903490e45ddfacb5,2025-08-13 17:28:11,0.1544039515627546,WETH/USDT
0xddd8ab39ae96e685aad71ac39d36d87500000000,2025-08-13 17:28:11,0.052497181012358396,BNB/WETH
0xdf31a70a21a1931e02033dbba7deace6c45cfd0f,2025-08-13 17:28:11,0.021395862281456526,WETH/USDT
0xa69babef1ca67a37ffaf7a485dfff3382056e78c,2025-08-13 17:27:59,10779.892456,USDC/WETH
0x22c3a88cba0c2dc4960fbbcd43df02b74b92da90,2025-08-13 17:27:59,20.604414309,wTAO/WETH
0x22c3a88cba0c2dc4960fbbcd43df02b74b92da90,2025-08-13 17:27:59,20.604414309,wTAO/WETH
0x1f2f10d1c40777ae1da742455c65828ff36df387,2025-08-13 17:27:59,436091.3732602202,GEEKS/WETH
0x68b3465833fb72a70ecdf485e0e4c7bd8665fc45,2025-08-13 17:27:59,23247.167938639428,IN/WETH
0xe592427a0aece92de3edee1f18e0157c05861564,2025-08-13 17:27:59,0.807943,WETH/EIGEN
0xfbd4cdb413e45a52e2c8312f670e9ce67e794c37,2025-08-13 17:27:59,0.44501174786755315,WETH/INJ
0x68b3465833fb72a70ecdf485e0e4c7bd8665fc45,2025-08-13 17:27:59,3170.2072611553317,IN/WETH
0x6747bcaf9bd5a5f0758cbe08903490e45ddfacb5,2025-08-13 17:27:59,3784.3134546721294,USD1/USDC
0x1111111254eeb25477b68fb85ed929f73a960582,2025-08-13 17:27:59,0.33,WETH/USDT
0x1103fc560de8b710983e7f3ec09d587f3f848566,2025-08-13 17:27:59,6018.513615164706,MNT/USDe
0xc46fcd651bd6ac11255886feabdcebd58b870c86,2025-08-13 17:27:59,3.4517105277682916,BNB/WETH
0x5141b82f5ffda4c6fe1e372978f1c5427640a190,2025-08-13 17:27:59,13.89375,BNB/WETH
0x5141b82f5ffda4c6fe1e372978f1c5427640a190,2025-08-13 17:27:59,0.73125,BNB/WETH
0x00000000009e50a7ddb7a7b0e2ee6604fd120e49,2025-08-13 17:27:59,13.694167989991595,EEFI/WETH
0x00000000009e50a7ddb7a7b0e2ee6604fd120e49,2025-08-13 17:27:59,756.5117074546982,DAI/WETH
0xe592427a0aece92de3edee1f18e0157c05861564,2025-08-13 17:27:59,0.1,WBTC/USDT
0xe592427a0aece92de3edee1f18e0157c05861564,2025-08-13 17:27:59,29897.584376,USDC/WETH
0xe592427a0aece92de3edee1f18e0157c05861564,2025-08-13 17:27:59,9441.342434,USDC/WETH
0x2e1dee213ba8d7af0934c49a23187babeaca8764,2025-08-13 17:27:59,3488755.5630638725,BLSH/WETH
0x1f2f10d1c40777ae1da742455c65828ff36df387,2025-08-13 17:27:59,436091.50782286585,GEEKS/WETH
0xe592427a0aece92de3edee1f18e0157c05861564,2025-08-13 17:27:59,0.289,WETH/USDT
0x66a9893cc07d91d95644aedd05d03f95e1dba8af,2025-08-13 17:27:59,0.00829721889195716,WETH/USDT
0x7d0ccaa3fac1e5a943c5168b6ced828691b46b36,2025-08-13 17:27:59,0.09257087213429979,POL/WETH
0x66a9893cc07d91d95644aedd05d03f95e1dba8af,2025-08-13 17:27:59,0.2113882979738433,WETH/USDT
0xe592427a0aece92de3edee1f18e0157c05861564,2025-08-13 17:27:59,0.18319756150405953,WETH/INJ
0x3a10dc1a145da500d5fba38b9ec49c8ff11a981f,2025-08-13 17:27:59,799021.168925744,WCM/WETH
0x66a9893cc07d91d95644aedd05d03f95e1dba8af,2025-08-13 17:27:59,2469.429332,USDC/WETH
0x66a9893cc07d91d95644aedd05d03f95e1dba8af,2025-08-13 17:27:59,15558.498950311821,CHEX/WETH
0x15aa641a0e5f1c928c6ade1437f8e46359af9fa5,2025-08-13 17:27:59,3.414005572,wTAO/WETH
0x15aa641a0e5f1c928c6ade1437f8e46359af9fa5,2025-08-13 17:27:59,0.0184645002619126,WETH/GTC
0x15aa641a0e5f1c928c6ade1437f8e46359af9fa5,2025-08-13 17:27:59,3.414005572,wTAO/WETH
0x0c0435519ac226010638a61fd1d1bc652b5434de,2025-08-13 17:27:59,744839.3799073758,GEEKS/WETH
0x5141b82f5ffda4c6fe1e372978f1c5427640a190,2025-08-13 17:27:59,3097.535265,USDC/WETH
0x5141b82f5ffda4c6fe1e372978f1c5427640a190,2025-08-13 17:27:59,12897084.736743232,GEEKS/WETH
0x68b3465833fb72a70ecdf485e0e4c7bd8665fc45,2025-08-13 17:27:59,1680.3641016974007,IN/WETH
0x5141b82f5ffda4c6fe1e372978f1c5427640a190,2025-08-13 17:27:59,1.2679527761173277,MKR/WETH
0xdf31a70a21a1931e02033dbba7deace6c45cfd0f,2025-08-13 17:27:59,0.17968420594746592,WETH/USDT
0x66a9893cc07d91d95644aedd05d03f95e1dba8af,2025-08-13 17:27:59,14.133889432540984,EEFI/WETH
0xe592427a0aece92de3edee1f18e0157c05861564,2025-08-13 17:27:59,36.676892611,wTAO/WETH
0x68b3465833fb72a70ecdf485e0e4c7bd8665fc45,2025-08-13 17:27:47,27633.96940474284,IN/WETH
0x5141b82f5ffda4c6fe1e372978f1c5427640a190,2025-08-13 17:27:35,0.10466676322792298,WETH/Block
0x111111125421ca6dc452d289314280a0f8842a65,2025-08-13 17:27:35,778.56363628,TONCOIN/USDC
0x5141b82f5ffda4c6fe1e372978f1c5427640a190,2025-08-13 17:27:35,297249.57,TEL/WETH
0x5141b82f5ffda4c6fe1e372978f1c5427640a190,2025-08-13 17:27:35,23530.915635,USDC/WETH
0xfbd4cdb413e45a52e2c8312f670e9ce67e794c37,2025-08-13 17:27:35,2006.4283761353522,CRV/USDT
0x196f75367a9286e039c6cfeba5b8686ed84cba68,2025-08-13 17:27:35,3050776.0668054516,GEEKS/WETH
0xdf31a70a21a1931e02033dbba7deace6c45cfd0f,2025-08-13 17:27:35,0.7639208764553278,WETH/USDT
0x5141b82f5ffda4c6fe1e372978f1c5427640a190,2025-08-13 17:27:35,13642.299889026428,KARRAT/WETH
0x6088d94c5a40cecd3ae2d4e0710ca687b91c61d0,2025-08-13 17:27:35,18.756541,USDC/WETH
0x66a9893cc07d91d95644aedd05d03f95e1dba8af,2025-08-13 17:27:35,7089.141363,USDC/WETH
0x66a9893cc07d91d95644aedd05d03f95e1dba8af,2025-08-13 17:27:35,3.5,WETH/INJ
0x3a10dc1a145da500d5fba38b9ec49c8ff11a981f,2025-08-13 17:27:35,1363598.7824934144,WCM/WETH
0x5141b82f5ffda4c6fe1e372978f1c5427640a190,2025-08-13 17:27:35,1373.0988752936396,XSWAP/USDC
0x3a10dc1a145da500d5fba38b9ec49c8ff11a981f,2025-08-13 17:27:35,1345743.7664123427,WCM/WETH
0x68b3465833fb72a70ecdf485e0e4c7bd8665fc45,2025-08-13 17:27:35,25681.036207790235,IN/WETH
0x2e1dee213ba8d7af0934c49a23187babeaca8764,2025-08-13 17:27:23,600.0,USDC/WETH
0x2e1dee213ba8d7af0934c49a23187babeaca8764,2025-08-13 17:27:23,0.12681247685660887,WETH/EIGEN
0xdf31a70a21a1931e02033dbba7deace6c45cfd0f,2025-08-13 17:27:23,98.41498595867172,MAVIA/WETH
0x6e4141d33021b52c91c28608403db4a0ffb50ec6,2025-08-13 17:27:23,1224637.0375776708,WCM/WETH
0xdf31a70a21a1931e02033dbba7deace6c45cfd0f,2025-08-13 17:27:23,76763.472536627,BOSSBURGER/WETH
0x3fc91a3afd70395cd496c647d5a6cc9d4b2b7fad,2025-08-13 17:27:23,99.99,USDC/WETH
0x80a64c6d7f12c47b7c66c5b4e20e72bc1fcd5d9e,2025-08-13 17:27:23,2777625.5039640456,WCM/WETH
0xe592427a0aece92de3edee1f18e0157c05861564,2025-08-13 17:27:23,0.10515769800970283,WETH/Block
0x2e1dee213ba8d7af0934c49a23187babeaca8764,2025-08-13 17:27:23,49942.13841106176,USDe/USDC
0x66a9893cc07d91d95644aedd05d03f95e1dba8af,2025-08-13 17:27:23,0.08808043529680597,GEC/WETH
0x507888e987257a8dde6f8afa46375cefe2cbf504,2025-08-13 17:27:23,151912.405073524,BOSSBURGER/WETH
0xdf31a70a21a1931e02033dbba7deace6c45cfd0f,2025-08-13 17:27:23,1360.79133498937,PLSB/USDC
0x51c72848c68a965f66fa7a88855f9f7784502a7f,2025-08-13 17:27:23,41406.25,USDC/WETH
0x51c72848c68a965f66fa7a88855f9f7784502a7f,2025-08-13 17:27:23,4.732844653764146,WETH/USDT
0x5141b82f5ffda4c6fe1e372978f1c5427640a190,2025-08-13 17:27:23,199.5,PROVE/WETH
0xefe7a50f92b089b06d0e6cbcc85d7584424921b2,2025-08-13 17:27:23,0.035897434374195084,WETH/USDT
0x66a9893cc07d91d95644aedd05d03f95e1dba8af,2025-08-13 17:27:23,0.12685723864255044,WETH/USDT
0xe592427a0aece92de3edee1f18e0157c05861564,2025-08-13 17:27:23,4427.423460916919,DOLO/USDC
0xa69babef1ca67a37ffaf7a485dfff3382056e78c,2025-08-13 17:27:23,966.6349239433123,PENDLE/WETH
0x51c72848c68a965f66fa7a88855f9f7784502a7f,2025-08-13 17:27:23,13873.428064,USDC/WETH
0x2e1dee213ba8d7af0934c49a23187babeaca8764,2025-08-13 17:27:11,443.092896,USDC/WETH
0x81463b0f960f247f704377661ec81c1fd65b5128,2025-08-13 17:27:11,4.046471092527693,rETH/WETH
0x81463b0f960f247f704377661ec81c1fd65b5128,2025-08-13 17:27:11,0.0429999999942656,WETH/USDT
0xfbd4cdb413e45a52e2c8312f670e9ce67e794c37,2025-08-13 17:27:11,1663.7729042949998,PENDLE/WETH
0xfbd4cdb413e45a52e2c8312f670e9ce67e794c37,2025-08-13 17:27:11,0.6665281211296618,WETH/EIGEN
0xfbd4cdb413e45a52e2c8312f670e9ce67e794c37,2025-08-13 17:27:11,0.44010377292362257,WETH/INJ
0x00000000009e50a7ddb7a7b0e2ee6604fd120e49,2025-08-13 17:27:11,25255.573932967196,NXRA/WETH
0x00000000009e50a7ddb7a7b0e2ee6604fd120e49,2025-08-13 17:27:11,255.27986,USDC/WETH
0x7d0ccaa3fac1e5a943c5168b6ced828691b46b36,2025-08-13 17:27:11,0.006009468294076333,WETH/USDT
0x2e1dee213ba8d7af0934c49a23187babeaca8764,2025-08-13 17:27:11,227674.34450286682,WCM/WETH
0xe592427a0aece92de3edee1f18e0157c05861564,2025-08-13 17:27:11,171573.142897148,GEEKS/WETH
0xe592427a0aece92de3edee1f18e0157c05861564,2025-08-13 17:27:11,2824742.4551461027,WCM/WETH
0x3fc91a3afd70395cd496c647d5a6cc9d4b2b7fad,2025-08-13 17:27:11,105.0,USDC/WETH
0x6747bcaf9bd5a5f0758cbe08903490e45ddfacb5,2025-08-13 17:27:11,10723.091111,USDC/WETH
0x111111125421ca6dc452d289314280a0f8842a65,2025-08-13 17:27:11,0.08203979,WBTC/USDT
0x66a9893cc07d91d95644aedd05d03f95e1dba8af,2025-08-13 17:27:11,0.5433327057031514,GEC/WETH
0xe592427a0aece92de3edee1f18e0157c05861564,2025-08-13 17:27:11,2.0,WETH/USDT
0x2e1dee213ba8d7af0934c49a23187babeaca8764,2025-08-13 17:27:11,420.055249474147,DYDX/WETH
0x66a9893cc07d91d95644aedd05d03f95e1dba8af,2025-08-13 17:26:59,1196.375337,USDC/WETH
0x66a9893cc07d91d95644aedd05d03f95e1dba8af,2025-08-13 17:26:59,1196.375337,USDC/SPK
0xdf31a70a21a1931e02033dbba7deace6c45cfd0f,2025-08-13 17:26:59,0.7907781803521984,WETH/EIGEN
0xdf31a70a21a1931e02033dbba7deace6c45cfd0f,2025-08-13 17:26:59,0.03684458440130202,WETH/Block
0x111111125421ca6dc452d289314280a0f8842a65,2025-08-13 17:26:59,260.0,DOLO/USDC
0x111111125421ca6dc452d289314280a0f8842a65,2025-08-13 17:26:59,58.511421,USDC/USDT
0x6a000f20005980200259b80c5102003040001068,2025-08-13 17:26:59,305.6543899615206,CVX/WETH
0x68b3465833fb72a70ecdf485e0e4c7bd8665fc45,2025-08-13 17:26:59,30152.828887504325,IN/WETH
0x66a9893cc07d91d95644aedd05d03f95e1dba8af,2025-08-13 17:26:59,0.002543621972223776,WETH/RIO
0x66a9893cc07d91d95644aedd05d03f95e1dba8af,2025-08-13 17:26:59,4.115473352717981,GEC/WETH
0xdf31a70a21a1931e02033dbba7deace6c45cfd0f,2025-08-13 17:26:59,6.374165935640958,ORAI/WETH
0x9c9a6973cc4573eaee986b7470097a8e932b9ec6,2025-08-13 17:26:59,1559.029345,USDC/SPK
0x8170832e879064441f5beeab731c1ccd5facdca9,2025-08-13 17:26:59,0.7827896880207845,WETH/USDT
0x8170832e879064441f5beeab731c1ccd5facdca9,2025-08-13 17:26:59,35890.13229803237,IN/WETH
0x68b3465833fb72a70ecdf485e0e4c7bd8665fc45,2025-08-13 17:26:59,1345.66770877,DEVVE/WETH
0x68b3465833fb72a70ecdf485e0e4c7bd8665fc45,2025-08-13 17:26:59,12637.528396674967,IN/WETH
0xe592427a0aece92de3edee1f18e0157c05861564,2025-08-13 17:26:47,0.12403874485693292,WETH/Block
0x51c72848c68a965f66fa7a88855f9f7784502a7f,2025-08-13 17:26:47,4.93967741936474,WETH/USDT
0xdf31a70a21a1931e02033dbba7deace6c45cfd0f,2025-08-13 17:26:47,475.329442,USDC/WETH
0xc46fcd651bd6ac11255886feabdcebd58b870c86,2025-08-13 17:26:47,4754294.844949718,HOPPY/WETH
0xc46fcd651bd6ac11255886feabdcebd58b870c86,2025-08-13 17:26:47,645521.241306729,EBULL/WETH
0x55877bd7f2ee37bde55ca4b271a3631f3a7ef121,2025-08-13 17:26:47,1.601607,USDC/WETH
0xa69babef1ca67a37ffaf7a485dfff3382056e78c,2025-08-13 17:26:47,0.09176361,WBTC/WETH
0xe592427a0aece92de3edee1f18e0157c05861564,2025-08-13 17:26:47,0.09285917579832581,WETH/Block
0xfbd4cdb413e45a52e2c8312f670e9ce67e794c37,2025-08-13 17:26:47,51389.159923,USDC/WETH
0xfbd4cdb413e45a52e2c8312f670e9ce67e794c37,2025-08-13 17:26:47,8.339950039250263,WETH/USDT
0xfbd4cdb413e45a52e2c8312f670e9ce67e794c37,2025-08-13 17:26:47,15297.760268,USDC/WETH
0x5141b82f5ffda4c6fe1e372978f1c5427640a190,2025-08-13 17:26:47,0.005237729428420872,WETH/XPR
0x5141b82f5ffda4c6fe1e372978f1c5427640a190,2025-08-13 17:26:47,38289.726872,USDC/WETH
0xe592427a0aece92de3edee1f18e0157c05861564,2025-08-13 17:26:47,0.11464104774517753,WETH/Block
0xdf31a70a21a1931e02033dbba7deace6c45cfd0f,2025-08-13 17:26:47,0.006329502954246996,WETH/Block
0xdf31a70a21a1931e02033dbba7deace6c45cfd0f,2025-08-13 17:26:35,1802451.333813987,SHIB/WETH
0xdf31a70a21a1931e02033dbba7deace6c45cfd0f,2025-08-13 17:26:35,23100.223539055656,GEAR/USDT
0x2905d7e4d048d29954f81b02171dd313f457a4a4,2025-08-13 17:26:35,4730.71432,USDC/WETH
0xdf31a70a21a1931e02033dbba7deace6c45cfd0f,2025-08-13 17:26:35,3632.503424,USDC/WETH
0x66a9893cc07d91d95644aedd05d03f95e1dba8af,2025-08-13 17:26:35,75742.74827492371,NXRA/WETH
0x66a9893cc07d91d95644aedd05d03f95e1dba8af,2025-08-13 17:26:35,1.0924424768216237,GEC/WETH
0x55877bd7f2ee37bde55ca4b271a3631f3a7ef121,2025-08-13 17:26:35,0.06313128053661055,wstETH/WETH
0x68b3465833fb72a70ecdf485e0e4c7bd8665fc45,2025-08-13 17:26:35,73.707641,USDC/WETH
0xdf31a70a21a1931e02033dbba7deace6c45cfd0f,2025-08-13 17:26:35,997.584357,USDC/WETH
0x66a9893cc07d91d95644aedd05d03f95e1dba8af,2025-08-13 17:26:35,0.1642186833495865,WETH/Block
0x66a9893cc07d91d95644aedd05d03f95e1dba8af,2025-08-13 17:26:35,0.02673027640913021,GEC/WETH
0xe592427a0aece92de3edee1f18e0157c05861564,2025-08-13 17:26:35,299.909006,PYUSD/USDT
0x66a9893cc07d91d95644aedd05d03f95e1dba8af,2025-08-13 17:26:35,0.7443290043561621,WETH/SPX
0x66a9893cc07d91d95644aedd05d03f95e1dba8af,2025-08-13 17:26:35,0.887033845345449,GEC/WETH
0x68b3465833fb72a70ecdf485e0e4c7bd8665fc45,2025-08-13 17:26:23,29940.768473923068,IN/WETH
0xf3fe03cd60d1f138ebc106ce9575475100ebfc9a,2025-08-13 17:26:23,17.543415754514122,WETH/weETH
0x1f2f10d1c40777ae1da742455c65828ff36df387,2025-08-13 17:26:23,2.19185949309359,WETH/USDT
0x1f2f10d1c40777ae1da742455c65828ff36df387,2025-08-13 17:26:23,291290.7262404,BOSSBURGER/WETH
0x1111111254eeb25477b68fb85ed929f73a960582,2025-08-13 17:26:23,0.05847058166671709,WETH/Block
0x2e1dee213ba8d7af0934c49a23187babeaca8764,2025-08-13 17:26:23,0.06783470034860735,WETH/USDT
0x2e1dee213ba8d7af0934c49a23187babeaca8764,2025-08-13 17:26:23,1177026.694672844,GEEKS/WETH
0x3328f7f4a1d1c57c35df56bbf0c9dcafca309c49,2025-08-13 17:26:23,10010970.686056796,WCM/WETH
0x68b3465833fb72a70ecdf485e0e4c7bd8665fc45,2025-08-13 17:26:23,1934.9538666640149,IN/WETH
0x5141b82f5ffda4c6fe1e372978f1c5427640a190,2025-08-13 17:26:23,516.8840991674598,USD1/USDC
0x8bf665171487df99a02752776696450db3394220,2025-08-13 17:26:23,0.01360853445507334,wstETH/WETH
0x5141b82f5ffda4c6fe1e372978f1c5427640a190,2025-08-13 17:26:23,468.022375,PYUSD/USDT
0x2e1dee213ba8d7af0934c49a23187babeaca8764,2025-08-13 17:26:23,58943.436224206,BOSSBURGER/WETH
0x1f2f10d1c40777ae1da742455c65828ff36df387,2025-08-13 17:26:23,291290.632011076,BOSSBURGER/WETH
0x3a10dc1a145da500d5fba38b9ec49c8ff11a981f,2025-08-13 17:26:23,1881561.3912927792,WCM/WETH
0x3328f7f4a1d1c57c35df56bbf0c9dcafca309c49,2025-08-13 17:26:23,9184827.227779495,WCM/WETH
0x1f2f10d1c40777ae1da742455c65828ff36df387,2025-08-13 17:26:11,123469.716636693,BOSSBURGER/WETH
0x51c72848c68a965f66fa7a88855f9f7784502a7f,2025-08-13 17:26:11,4.2952984801367595,WETH/USDT
0x66a9893cc07d91d95644aedd05d03f95e1dba8af,2025-08-13 17:26:11,4930.306641,USDC/WETH
0x66a9893cc07d91d95644aedd05d03f95e1dba8af,2025-08-13 17:26:11,30857.93227172844,CHEX/WETH
0xa69babef1ca67a37ffaf7a485dfff3382056e78c,2025-08-13 17:26:11,2545.7905868631874,FET/WETH
0x2905d7e4d048d29954f81b02171dd313f457a4a4,2025-08-13 17:26:11,0.27580681,WBTC/XAUt
0x2905d7e4d048d29954f81b02171dd313f457a4a4,2025-08-13 17:26:11,0.18377557,WBTC/WETH
0x66a9893cc07d91d95644aedd05d03f95e1dba8af,2025-08-13 17:26:11,1174.6804424052355,CPOOL/WETH
0x9c9a6973cc4573eaee986b7470097a8e932b9ec6,2025-08-13 17:26:11,32.99863331029573,wstETH/WETH
0xfbd4cdb413e45a52e2c8312f670e9ce67e794c37,2025-08-13 17:26:11,3564.635904,POWR/WETH
0xa69babef1ca67a37ffaf7a485dfff3382056e78c,2025-08-13 17:26:11,0.05980276,WBTC/USDC
0x3fc91a3afd70395cd496c647d5a6cc9d4b2b7fad,2025-08-13 17:26:11,34.65,USDC/WETH
0x00000000009e50a7ddb7a7b0e2ee6604fd120e49,2025-08-13 17:26:11,529.902939,USDC/WETH
0x00000000009e50a7ddb7a7b0e2ee6604fd120e49,2025-08-13 17:26:11,43.08552751721638,TORN/USDC
0xdf31a70a21a1931e02033dbba7deace6c45cfd0f,2025-08-13 17:26:11,7907.51202851,CRO/WETH
0x7d0ccaa3fac1e5a943c5168b6ced828691b46b36,2025-08-13 17:26:11,0.7434375,WETH/USDT
0x3a10dc1a145da500d5fba38b9ec49c8ff11a981f,2025-08-13 17:26:11,1473001.8970121914,WCM/WETH
0xdf31a70a21a1931e02033dbba7deace6c45cfd0f,2025-08-13 17:25:59,382245.880508,BOSSBURGER/WETH
0xfbd4cdb413e45a52e2c8312f670e9ce67e794c37,2025-08-13 17:25:59,0.6538559392797761,WETH/ETHFI
0x66a9893cc07d91d95644aedd05d03f95e1dba8af,2025-08-13 17:25:59,0.34046599078860684,GEC/WETH
0x66a9893cc07d91d95644aedd05d03f95e1dba8af,2025-08-13 17:25:59,240696.92584554668,GEEKS/WETH
0x2905d7e4d048d29954f81b02171dd313f457a4a4,2025-08-13 17:25:59,322.104115,USDC/WETH
0xfbeedcfe378866dab6abbafd8b2986f5c1768737,2025-08-13 17:25:59,8887.760284408329,ACX/WETH
0x7d0ccaa3fac1e5a943c5168b6ced828691b46b36,2025-08-13 17:25:59,0.001599629459699014,WETH/SOL
0xa69babef1ca67a37ffaf7a485dfff3382056e78c,2025-08-13 17:25:59,84.6332581077046,SSV/WETH
0x66a9893cc07d91d95644aedd05d03f95e1dba8af,2025-08-13 17:25:59,0.6146585464750232,GEC/WETH
0x5b93d80da1a359340d1f339fb574bdc56763f995,2025-08-13 17:25:59,3884135.595773358,GEEKS/WETH
0xa69babef1ca67a37ffaf7a485dfff3382056e78c,2025-08-13 17:25:59,3.161467698981759,PAXG/USDC
0xe592427a0aece92de3edee1f18e0157c05861564,2025-08-13 17:25:59,403028.38,USDC/USDT
0x73a8a6f5d9762ea5f1de193ec19cdf476c7e86b1,2025-08-13 17:25:59,1425.9614090259247,SD/USDC
0x40003cf0002d5f00bba0dc0900000000bb0098be,2025-08-13 17:25:59,46.207989650545485,BTC2x-FLI/WBTC
0x40003cf0002d5f00bba0dc0900000000bb0098be,2025-08-13 17:25:59,0.07073672,WBTC/USDC
0x66a9893cc07d91d95644aedd05d03f95e1dba8af,2025-08-13 17:25:59,0.21146636201229674,WETH/USDT
0x2e1dee213ba8d7af0934c49a23187babeaca8764,2025-08-13 17:25:59,1600.0,CVX/CRV
0x2e1dee213ba8d7af0934c49a23187babeaca8764,2025-08-13 17:25:59,1.5891227258683263,WETH/CRV
0x6a000f20005980200259b80c5102003040001068,2025-08-13 17:25:59,26072.00181220267,CHEX/WETH
0x6a000f20005980200259b80c5102003040001068,2025-08-13 17:25:59,10.719,wTAO/WETH
0x3fc91a3afd70395cd496c647d5a6cc9d4b2b7fad,2025-08-13 17:25:59,10.0,USDC/WETH
0x66a9893cc07d91d95644aedd05d03f95e1dba8af,2025-08-13 17:25:59,8.946735000835499,GEC/WETH
0xe592427a0aece92de3edee1f18e0157c05861564,2025-08-13 17:25:59,0.633787806004974,WETH/Block
0x66a9893cc07d91d95644aedd05d03f95e1dba8af,2025-08-13 17:25:59,0.7002194782795219,GEC/WETH
0x2e1dee213ba8d7af0934c49a23187babeaca8764,2025-08-13 17:25:59,417784.5212731196,GEEKS/WETH
0x66a9893cc07d91d95644aedd05d03f95e1dba8af,2025-08-13 17:25:59,0.09823456439462844,GEC/WETH
0x66a9893cc07d91d95644aedd05d03f95e1dba8af,2025-08-13 17:25:47,115535.29792765938,ROUTE/WETH
0x66a9893cc07d91d95644aedd05d03f95e1dba8af,2025-08-13 17:25:47,980.4562464044368,PRIME/WETH
0xe592427a0aece92de3edee1f18e0157c05861564,2025-08-13 17:25:47,0.006766871115241599,WETH/USDT
0xeff6cb8b614999d130e537751ee99724d01aa167,2025-08-13 17:25:47,80938.33333672589,SKL/WETH
0xdf31a70a21a1931e02033dbba7deace6c45cfd0f,2025-08-13 17:25:47,0.174870855,WETH/SOL
0x68b3465833fb72a70ecdf485e0e4c7bd8665fc45,2025-08-13 17:25:47,4573.239826172026,IN/WETH
0xdf31a70a21a1931e02033dbba7deace6c45cfd0f,2025-08-13 17:25:47,0.146964,WETH/USDT
0x66a9893cc07d91d95644aedd05d03f95e1dba8af,2025-08-13 17:25:47,37756.02,DEFI/WETH
0x68b3465833fb72a70ecdf485e0e4c7bd8665fc45,2025-08-13 17:25:47,5971.690688886278,IN/WETH
0x5141b82f5ffda4c6fe1e372978f1c5427640a190,2025-08-13 17:25:47,1457.1798,$WELF/WETH
0xe592427a0aece92de3edee1f18e0157c05861564,2025-08-13 17:25:47,117.82623969904527,DIA/WETH
0x1111111254eeb25477b68fb85ed929f73a960582,2025-08-13 17:25:47,620.0,USDC/WETH
0x66a9893cc07d91d95644aedd05d03f95e1dba8af,2025-08-13 17:25:47,3.572982355227322,GEC/WETH
0x66a9893cc07d91d95644aedd05d03f95e1dba8af,2025-08-13 17:25:47,4938.106161,USDC/WETH
0x66a9893cc07d91d95644aedd05d03f95e1dba8af,2025-08-13 17:25:47,30873.2995603662,CHEX/WETH
0x80a64c6d7f12c47b7c66c5b4e20e72bc1fcd5d9e,2025-08-13 17:25:47,5661542.194152837,WCM/WETH
0xe592427a0aece92de3edee1f18e0157c05861564,2025-08-13 17:25:47,507695.8797221961,RSR/WETH
0xefe7a50f92b089b06d0e6cbcc85d7584424921b2,2025-08-13 17:25:35,0.250195432994837,WETH/USDT
0xe592427a0aece92de3edee1f18e0157c05861564,2025-08-13 17:25:23,1784.997242,USDC/WETH
0x1111111254eeb25477b68fb85ed929f73a960582,2025-08-13 17:25:23,302.693101005,TONCOIN/WETH
0x1111111254eeb25477b68fb85ed929f73a960582,2025-08-13 17:25:23,1056.163866,USDC/WETH
0x00000000009e50a7ddb7a7b0e2ee6604fd120e49,2025-08-13 17:25:23,246.2006722672533,UNI/USDT
0x00000000009e50a7ddb7a7b0e2ee6604fd120e49,2025-08-13 17:25:23,0.6289999963136983,WETH/USDT
0xfbeedcfe378866dab6abbafd8b2986f5c1768737,2025-08-13 17:25:23,276268.38534557197,TURBO/WETH
0xe592427a0aece92de3edee1f18e0157c05861564,2025-08-13 17:25:23,5.074198962,wTAO/WETH
0x3a10dc1a145da500d5fba38b9ec49c8ff11a981f,2025-08-13 17:25:23,8347010.749735751,WCM/WETH
0x68b3465833fb72a70ecdf485e0e4c7bd8665fc45,2025-08-13 17:25:23,121419.0,TRX/WETH
0xe592427a0aece92de3edee1f18e0157c05861564,2025-08-13 17:25:23,36.358728,USDC/WETH
0xfbd4cdb413e45a52e2c8312f670e9ce67e794c37,2025-08-13 17:25:23,2672.86160899,MOVE/WETH
0xe592427a0aece92de3edee1f18e0157c05861564,2025-08-13 17:25:23,3.45406801754091,WETH/USDT
0xe592427a0aece92de3edee1f18e0157c05861564,2025-08-13 17:25:23,6727.417967,USDC/WETH
0xe592427a0aece92de3edee1f18e0157c05861564,2025-08-13 17:25:23,16338.015062,USDC/USDT
0xfbeedcfe378866dab6abbafd8b2986f5c1768737,2025-08-13 17:25:23,3837.5930616317446,SYRUP/WETH
0x89cff41ca76ccf62c4c296c5a76e00b47d0c237f,2025-08-13 17:25:23,163817.737579069,BOSSBURGER/WETH
0x9a6fae683549309386b633275a4f6933a022a092,2025-08-13 17:25:23,1478.753497,USDC/WETH
0x9a6fae683549309386b633275a4f6933a022a092,2025-08-13 17:25:23,1917.398663125155,SD/USDC
0x9a6fae683549309386b633275a4f6933a022a092,2025-08-13 17:25:23,0.00643023,WBTC/USDC
0xe592427a0aece92de3edee1f18e0157c05861564,2025-08-13 17:25:11,7088.38221225,MOVE/WETH
0xa69babef1ca67a37ffaf7a485dfff3382056e78c,2025-08-13 17:25:11,0.10784224553917562,WETH/GTC
0xa69babef1ca67a37ffaf7a485dfff3382056e78c,2025-08-13 17:25:11,4441.643034278397,DAI/WETH
0x5141b82f5ffda4c6fe1e372978f1c5427640a190,2025-08-13 17:25:11,3347.739634,USDC/WETH
0x2e1dee213ba8d7af0934c49a23187babeaca8764,2025-08-13 17:25:11,27781813.807528865,NEGG/WETH
0x51c72848c68a965f66fa7a88855f9f7784502a7f,2025-08-13 17:25:11,33344.829099,USDC/WETH
0x66a9893cc07d91d95644aedd05d03f95e1dba8af,2025-08-13 17:25:11,8113.889784,USDC/USDS
0xa69babef1ca67a37ffaf7a485dfff3382056e78c,2025-08-13 17:25:11,12.337279470930753,WETH/USDT
0x3328f7f4a1d1c57c35df56bbf0c9dcafca309c49,2025-08-13 17:25:11,479122.9349887494,WCM/WETH
0x68b3465833fb72a70ecdf485e0e4c7bd8665fc45,2025-08-13 17:25:11,150100.0,TRX/WETH
0x66a9893cc07d91d95644aedd05d03f95e1dba8af,2025-08-13 17:25:11,2.472068205549204,GEC/WETH
0xfbd4cdb413e45a52e2c8312f670e9ce67e794c37,2025-08-13 17:25:11,2033.0581631359805,MATIC/WETH
0x51c72848c68a965f66fa7a88855f9f7784502a7f,2025-08-13 17:25:11,34006.482264,USDC/WETH
0xa69babef1ca67a37ffaf7a485dfff3382056e78c,2025-08-13 17:25:11,32.004350207111266,WETH/USDT
0x2e1dee213ba8d7af0934c49a23187babeaca8764,2025-08-13 17:25:11,12417926.329622148,GEEKS/WETH
0x1f2f10d1c40777ae1da742455c65828ff36df387,2025-08-13 17:25:11,5361.554157760114,IN/WETH
0x73a8a6f5d9762ea5f1de193ec19cdf476c7e86b1,2025-08-13 17:25:11,9365.419991311002,CGPT/USDT
0xfbd4cdb413e45a52e2c8312f670e9ce67e794c37,2025-08-13 17:25:11,2517.133548,USDC/AEVO
0x7d0ccaa3fac1e5a943c5168b6ced828691b46b36,2025-08-13 17:25:11,0.9337087851668127,ARB/WETH
0x51c72848c68a965f66fa7a88855f9f7784502a7f,2025-08-13 17:25:11,0.14244761,WBTC/WETH
0x3328f7f4a1d1c57c35df56bbf0c9dcafca309c49,2025-08-13 17:25:11,482508.47483856237,WCM/WETH
0x2e1dee213ba8d7af0934c49a23187babeaca8764,2025-08-13 17:25:11,22293.96638589752,IN/WETH
0x1f2f10d1c40777ae1da742455c65828ff36df387,2025-08-13 17:25:11,5361.555926970618,IN/WETH
0xdf31a70a21a1931e02033dbba7deace6c45cfd0f,2025-08-13 17:25:11,2.2561346327435894,WETH/USDT
0xdf31a70a21a1931e02033dbba7deace6c45cfd0f,2025-08-13 17:25:11,1285.10073809,RNDR/WETH
0xdf31a70a21a1931e02033dbba7deace6c45cfd0f,2025-08-13 17:25:11,1285.10073809,RNDR/WETH
0xd4bc53434c5e12cb41381a556c3c47e1a86e80e3,2025-08-13 17:25:11,112013.478926,USDC/WETH
0x68b3465833fb72a70ecdf485e0e4c7bd8665fc45,2025-08-13 17:25:11,18.89612,USDC/WETH
0x5ddf30555ee9545c8982626b7e3b6f70e5c2635f,2025-08-13 17:25:11,0.0396,WETH/Block
0x66a9893cc07d91d95644aedd05d03f95e1dba8af,2025-08-13 17:25:11,5012.5,CPOOL/USDC
0xdf31a70a21a1931e02033dbba7deace6c45cfd0f,2025-08-13 17:25:11,6952.62272,ANKR/WETH
0x51c72848c68a965f66fa7a88855f9f7784502a7f,2025-08-13 17:25:11,9.24079276097063,WETH/USDT
0x3328f7f4a1d1c57c35df56bbf0c9dcafca309c49,2025-08-13 17:25:11,480811.23520210816,WCM/WETH
0xa69babef1ca67a37ffaf7a485dfff3382056e78c,2025-08-13 17:25:11,1680.089064213627,DAI/WETH
0xd4bc53434c5e12cb41381a556c3c47e1a86e80e3,2025-08-13 17:24:59,12939.508424,USDC/WETH
0xdf31a70a21a1931e02033dbba7deace6c45cfd0f,2025-08-13 17:24:59,0.02240593834382322,WETH/ANYONE
0x2e1dee213ba8d7af0934c49a23187babeaca8764,2025-08-13 17:24:59,741728.5793609975,GEEKS/WETH
0x111111125421ca6dc452d289314280a0f8842a65,2025-08-13 17:24:59,3972850.994998347,PEPE/USDC
0xe592427a0aece92de3edee1f18e0157c05861564,2025-08-13 17:24:59,0.2122334197787164,WETH/XPR
0x9c9a6973cc4573eaee986b7470097a8e932b9ec6,2025-08-13 17:24:59,0.0203650880134886,WETH/USDT
0xdf31a70a21a1931e02033dbba7deace6c45cfd0f,2025-08-13 17:24:59,998.5163403651217,KARRAT/WETH
0x1111111254eeb25477b68fb85ed929f73a960582,2025-08-13 17:24:59,4726.175435,USDC/WETH
0xa69babef1ca67a37ffaf7a485dfff3382056e78c,2025-08-13 17:24:59,0.1620534,WBTC/USDT
0xe592427a0aece92de3edee1f18e0157c05861564,2025-08-13 17:24:59,1701.643662,USDC/WETH
0xdf31a70a21a1931e02033dbba7deace6c45cfd0f,2025-08-13 17:24:59,2065.981962597249,DAI/USDC
0xdf31a70a21a1931e02033dbba7deace6c45cfd0f,2025-08-13 17:24:59,6895.231494,USDC/WETH
0x68b3465833fb72a70ecdf485e0e4c7bd8665fc45,2025-08-13 17:24:59,12681.047845075485,IN/WETH
0x5141b82f5ffda4c6fe1e372978f1c5427640a190,2025-08-13 17:24:47,0.0103774,WETH/SOLX
0x1111111254eeb25477b68fb85ed929f73a960582,2025-08-13 17:24:47,2748.374817,USDC/WETH
0x1f2f10d1c40777ae1da742455c65828ff36df387,2025-08-13 17:24:47,532259.869039581,BOSSBURGER/WETH
0x5141b82f5ffda4c6fe1e372978f1c5427640a190,2025-08-13 17:24:47,104.823068,USDT/ONDO
0x5141b82f5ffda4c6fe1e372978f1c5427640a190,2025-08-13 17:24:47,0.207675,WETH/USDT
0xe592427a0aece92de3edee1f18e0157c05861564,2025-08-13 17:24:47,9779.41446,PLUME/USDC
0x66a9893cc07d91d95644aedd05d03f95e1dba8af,2025-08-13 17:24:47,3.9688670807898965,GEC/WETH
0x5050e08626c499411b5d0e0b5af0e83d3fd82edf,2025-08-13 17:24:47,5.061793553354932,WETH/USDT
0x1f2f10d1c40777ae1da742455c65828ff36df387,2025-08-13 17:24:47,532259.75513039,BOSSBURGER/WETH
0xe592427a0aece92de3edee1f18e0157c05861564,2025-08-13 17:24:47,0.45692724539803004,WETH/Block
0x111111125421ca6dc452d289314280a0f8842a65,2025-08-13 17:24:47,66290.34101055143,BPEP/WETH
0xa69babef1ca67a37ffaf7a485dfff3382056e78c,2025-08-13 17:24:47,2.2314176826157803,WETH/USDT
0x68b3465833fb72a70ecdf485e0e4c7bd8665fc45,2025-08-13 17:24:47,12638.59420585961,IN/WETH
0xdf31a70a21a1931e02033dbba7deace6c45cfd0f,2025-08-13 17:24:47,102598.53506076,BOSSBURGER/WETH
0xa69babef1ca67a37ffaf7a485dfff3382056e78c,2025-08-13 17:24:47,0.04722402,WBTC/USDC
0x68b3465833fb72a70ecdf485e0e4c7bd8665fc45,2025-08-13 17:24:47,12.000218,USDC/USDT
0x68b3465833fb72a70ecdf485e0e4c7bd8665fc45,2025-08-13 17:24:47,28054.034924,USDC/WETH
0x68b3465833fb72a70ecdf485e0e4c7bd8665fc45,2025-08-13 17:24:47,4.854847843918591,WETH/USDT
0x68b3465833fb72a70ecdf485e0e4c7bd8665fc45,2025-08-13 17:24:47,28054.034924,USDC/USDT
0xd4bc53434c5e12cb41381a556c3c47e1a86e80e3,2025-08-13 17:24:47,0.50265204,WBTC/USDC
0xd4bc53434c5e12cb41381a556c3c47e1a86e80e3,2025-08-13 17:24:47,23549.838021,USDC/WETH
0x3e9ba86f0ec034457eb9e0061ae13d29d8a40b12,2025-08-13 17:24:47,582.3145646510997,INST/WETH
0xa69babef1ca67a37ffaf7a485dfff3382056e78c,2025-08-13 17:24:47,27230.13696,USDC/WETH
0xe592427a0aece92de3edee1f18e0157c05861564,2025-08-13 17:24:47,273606497785.44598,MUMU/WETH
0x2e1dee213ba8d7af0934c49a23187babeaca8764,2025-08-13 17:24:47,21018.66863517741,GEEKS/WETH
0x66a9893cc07d91d95644aedd05d03f95e1dba8af,2025-08-13 17:24:47,2e+18,XOR/WETH
0x68b3465833fb72a70ecdf485e0e4c7bd8665fc45,2025-08-13 17:24:47,23228.940342800975,IN/WETH
0x66a9893cc07d91d95644aedd05d03f95e1dba8af,2025-08-13 17:24:47,4932.214569,USDC/WETH
0x66a9893cc07d91d95644aedd05d03f95e1dba8af,2025-08-13 17:24:47,30682.86826922887,CHEX/WETH
0x6747bcaf9bd5a5f0758cbe08903490e45ddfacb5,2025-08-13 17:24:23,572.542019,USDC/WETH
0x3fc91a3afd70395cd496c647d5a6cc9d4b2b7fad,2025-08-13 17:24:23,9.99,USDC/WETH
0x66a9893cc07d91d95644aedd05d03f95e1dba8af,2025-08-13 17:24:23,30473.204287910565,CHEX/WETH
0x66a9893cc07d91d95644aedd05d03f95e1dba8af,2025-08-13 17:24:23,1.0444672639647639,WETH/USDT
0x3a10dc1a145da500d5fba38b9ec49c8ff11a981f,2025-08-13 17:24:23,25791886.84460639,BLSH/WETH
0x55877bd7f2ee37bde55ca4b271a3631f3a7ef121,2025-08-13 17:24:23,99.39351,USDC/WETH
0xdf31a70a21a1931e02033dbba7deace6c45cfd0f,2025-08-13 17:24:23,963.0985,USDC/WETH
0xdf31a70a21a1931e02033dbba7deace6c45cfd0f,2025-08-13 17:24:23,2112.832155,USDC/WETH
0xe592427a0aece92de3edee1f18e0157c05861564,2025-08-13 17:24:23,72.24948999451792,MATIC/USDC
0x66a9893cc07d91d95644aedd05d03f95e1dba8af,2025-08-13 17:24:23,0.04846505433759548,WETH/ANYONE
0xdf31a70a21a1931e02033dbba7deace6c45cfd0f,2025-08-13 17:24:23,72728.72643333787,SHIB/USDC
0x2e1dee213ba8d7af0934c49a23187babeaca8764,2025-08-13 17:24:11,11173.926265737775,IN/WETH
0xdf31a70a21a1931e02033dbba7deace6c45cfd0f,2025-08-13 17:24:11,0.31257706582951283,WETH/XPR
0x3fc91a3afd70395cd496c647d5a6cc9d4b2b7fad,2025-08-13 17:24:11,38131464.90700584,NEGG/WETH
0xe592427a0aece92de3edee1f18e0157c05861564,2025-08-13 17:24:11,5.083561509,wTAO/WETH
0x5141b82f5ffda4c6fe1e372978f1c5427640a190,2025-08-13 17:24:11,1294.2103301627112,ENA/WETH
0x5141b82f5ffda4c6fe1e372978f1c5427640a190,2025-08-13 17:24:11,3.10800125724,AAVE/WETH
0x5141b82f5ffda4c6fe1e372978f1c5427640a190,2025-08-13 17:24:11,2200.102233594034,USD1/USDT
0x1f2f10d1c40777ae1da742455c65828ff36df387,2025-08-13 17:24:11,13181.23024941478,IN/WETH
0xe592427a0aece92de3edee1f18e0157c05861564,2025-08-13 17:24:11,0.013357610974804411,WETH/USDT
0x1f2f10d1c40777ae1da742455c65828ff36df387,2025-08-13 17:24:11,13181.232317982136,IN/WETH
0x7d0ccaa3fac1e5a943c5168b6ced828691b46b36,2025-08-13 17:24:11,2808.787364,USDC/WETH
0x111111125421ca6dc452d289314280a0f8842a65,2025-08-13 17:24:11,378999.22586422076,GEEKS/WETH
0x3a10dc1a145da500d5fba38b9ec49c8ff11a981f,2025-08-13 17:24:11,1416645.5729994741,GEEKS/WETH
0x3a10dc1a145da500d5fba38b9ec49c8ff11a981f,2025-08-13 17:23:59,1504234.6083934142,WCM/WETH
0xdf31a70a21a1931e02033dbba7deace6c45cfd0f,2025-08-13 17:23:59,0.05949,WETH/Block
0x68b3465833fb72a70ecdf485e0e4c7bd8665fc45,2025-08-13 17:23:59,7804.756637401872,IN/WETH
0xe592427a0aece92de3edee1f18e0157c05861564,2025-08-13 17:23:59,25609.610813,EUROC/USDC
0x68b3465833fb72a70ecdf485e0e4c7bd8665fc45,2025-08-13 17:23:59,833.738918,USDC/WETH
0x66a9893cc07d91d95644aedd05d03f95e1dba8af,2025-08-13 17:23:59,5012.5,CPOOL/USDC
0x7d0ccaa3fac1e5a943c5168b6ced828691b46b36,2025-08-13 17:23:59,213.446888,USDC/SWEAT
0x7d0ccaa3fac1e5a943c5168b6ced828691b46b36,2025-08-13 17:23:59,213.446888,USDC/WETH
0x0b570b66cf3b5eab1fd10c89230cad58aa2fcb59,2025-08-13 17:23:59,39953.9380596159,SHRAP/WETH
0x0b570b66cf3b5eab1fd10c89230cad58aa2fcb59,2025-08-13 17:23:59,185.344137,USDC/WETH
0x68b3465833fb72a70ecdf485e0e4c7bd8665fc45,2025-08-13 17:23:47,0.027538224,WETH/USDT
0x68b3465833fb72a70ecdf485e0e4c7bd8665fc45,2025-08-13 17:23:47,1.2952813086391386,OKB/USDT
0x111111125421ca6dc452d289314280a0f8842a65,2025-08-13 17:23:47,90244.7729828542,BPEP/WETH
0xe592427a0aece92de3edee1f18e0157c05861564,2025-08-13 17:23:47,19314.676214135277,PLUME/USDC
0xe592427a0aece92de3edee1f18e0157c05861564,2025-08-13 17:23:47,2024.826832,USDC/WETH
0x3708f5c9533557b1633c7a255ed385348488aeae,2025-08-13 17:23:47,1317.045412,USDC/SPK
0x5141b82f5ffda4c6fe1e372978f1c5427640a190,2025-08-13 17:23:47,3822.272644,USDC/WETH
0x5141b82f5ffda4c6fe1e372978f1c5427640a190,2025-08-13 17:23:47,0.8038701265518755,WETH/Block
0x5141b82f5ffda4c6fe1e372978f1c5427640a190,2025-08-13 17:23:47,3822.3938537574127,USD1/USDC
0x68b3465833fb72a70ecdf485e0e4c7bd8665fc45,2025-08-13 17:23:47,9857.064783369942,IN/WETH
0x2e1dee213ba8d7af0934c49a23187babeaca8764,2025-08-13 17:23:47,543.3973754896967,$WELF/WETH
0xe592427a0aece92de3edee1f18e0157c05861564,2025-08-13 17:23:47,25618.997222,EUROC/USDC
0x0c0435519ac226010638a61fd1d1bc652b5434de,2025-08-13 17:23:47,812.712741,USDC/WETH
0x0c0435519ac226010638a61fd1d1bc652b5434de,2025-08-13 17:23:47,3267186.9011526927,GEEKS/WETH
0xfbd4cdb413e45a52e2c8312f670e9ce67e794c37,2025-08-13 17:23:47,2.1507845741371363,WETH/USDT
0xe592427a0aece92de3edee1f18e0157c05861564,2025-08-13 17:23:47,1370840.6758101769,DOK/WETH
0xdf31a70a21a1931e02033dbba7deace6c45cfd0f,2025-08-13 17:23:47,144747818.4874433,SWOL/WETH
0x5141b82f5ffda4c6fe1e372978f1c5427640a190,2025-08-13 17:23:47,1511.906763083715,USD1/USDT
0x68b3465833fb72a70ecdf485e0e4c7bd8665fc45,2025-08-13 17:23:47,1886.9060253302746,ALVA/WETH
0x66a9893cc07d91d95644aedd05d03f95e1dba8af,2025-08-13 17:23:47,0.24656090075298964,WETH/TITANX
0x5141b82f5ffda4c6fe1e372978f1c5427640a190,2025-08-13 17:23:47,0.004268801379915746,MMX/USDT
0x66a9893cc07d91d95644aedd05d03f95e1dba8af,2025-08-13 17:23:35,4.832144538578944,GEC/WETH
0xa69babef1ca67a37ffaf7a485dfff3382056e78c,2025-08-13 17:23:35,0.24864278038583457,WETH/GTC
0xdf31a70a21a1931e02033dbba7deace6c45cfd0f,2025-08-13 17:23:35,1783.732803,USDC/WETH
0x3a10dc1a145da500d5fba38b9ec49c8ff11a981f,2025-08-13 17:23:35,15460626.531708214,BOGBG/WETH
0x111111125421ca6dc452d289314280a0f8842a65,2025-08-13 17:23:35,2001.07350532,PROMPT/USDC
0x111111125421ca6dc452d289314280a0f8842a65,2025-08-13 17:23:35,256.392703,USDC/USDT
0x6e4141d33021b52c91c28608403db4a0ffb50ec6,2025-08-13 17:23:35,976891.966988486,WCM/WETH
0x51c72848c68a965f66fa7a88855f9f7784502a7f,2025-08-13 17:23:35,6.514085799813191,WETH/USDT
0x1f2f10d1c40777ae1da742455c65828ff36df387,2025-08-13 17:23:35,177550.013247832,BOSSBURGER/WETH
0x06cff7088619c7178f5e14f0b119458d08d2f5ef,2025-08-13 17:23:35,33.217484,USDC/WETH
0x06cff7088619c7178f5e14f0b119458d08d2f5ef,2025-08-13 17:23:35,14701.857879,EUROC/USDC
0x06cff7088619c7178f5e14f0b119458d08d2f5ef,2025-08-13 17:23:35,19088.581933,EUROC/USDC
0xe592427a0aece92de3edee1f18e0157c05861564,2025-08-13 17:23:35,1458179.7300518174,GEEKS/WETH
0xa69babef1ca67a37ffaf7a485dfff3382056e78c,2025-08-13 17:23:23,0.1736432769907361,WETH/GTC
0x111111125421ca6dc452d289314280a0f8842a65,2025-08-13 17:23:23,6964.285713999999,ALPH/USDT
0xa69babef1ca67a37ffaf7a485dfff3382056e78c,2025-08-13 17:23:23,0.6686484624741031,WETH/EIGEN
0x66a9893cc07d91d95644aedd05d03f95e1dba8af,2025-08-13 17:23:23,30265.73787532239,CHEX/WETH
0x66a9893cc07d91d95644aedd05d03f95e1dba8af,2025-08-13 17:23:23,1.044493515323643,WETH/USDT
0x5f9ecf757137d5ef4330ab72d18163c2f221befd,2025-08-13 17:23:23,3540.44,DEXTF/WETH
0x5141b82f5ffda4c6fe1e372978f1c5427640a190,2025-08-13 17:23:23,7444962.812266186,GEEKS/WETH
0x1111111254eeb25477b68fb85ed929f73a960582,2025-08-13 17:23:23,1.5,WETH/USDT
0xe592427a0aece92de3edee1f18e0157c05861564,2025-08-13 17:23:23,3636.36,USDC/WETH
0xe592427a0aece92de3edee1f18e0157c05861564,2025-08-13 17:23:23,153.92172032253535,LINK/WETH
0x2e1dee213ba8d7af0934c49a23187babeaca8764,2025-08-13 17:23:23,336.1008293173863,$WELF/WETH
0x1111111254eeb25477b68fb85ed929f73a960582,2025-08-13 17:23:23,0.3940948739647035,OKB/USDC
0x66a9893cc07d91d95644aedd05d03f95e1dba8af,2025-08-13 17:23:23,0.009,WETH/SPX
0x66a9893cc07d91d95644aedd05d03f95e1dba8af,2025-08-13 17:23:23,3708.449025785,MARIE/SPX
0x8331f9acce69b02c281f40a00706f758665cce77,2025-08-13 17:23:23,0.979825519946486,WETH/Block
0x2e1dee213ba8d7af0934c49a23187babeaca8764,2025-08-13 17:23:23,2.3,WETH/USDT
0xe592427a0aece92de3edee1f18e0157c05861564,2025-08-13 17:23:23,76344.750463,EUROC/USDC
0x66a9893cc07d91d95644aedd05d03f95e1dba8af,2025-08-13 17:23:11,0.01,WETH/AERO
0x3328f7f4a1d1c57c35df56bbf0c9dcafca309c49,2025-08-13 17:23:11,354618.11942559824,GEEKS/WETH
0xe592427a0aece92de3edee1f18e0157c05861564,2025-08-13 17:23:11,0.24632421,WBTC/USDT
0xe592427a0aece92de3edee1f18e0157c05861564,2025-08-13 17:23:11,0.24632421,WBTC/USDC
0xa69babef1ca67a37ffaf7a485dfff3382056e78c,2025-08-13 17:23:11,2.6333129460618654,WETH/USDT
0xefe7a50f92b089b06d0e6cbcc85d7584424921b2,2025-08-13 17:23:11,0.06423559438248118,WETH/USDT
0x7d0ccaa3fac1e5a943c5168b6ced828691b46b36,2025-08-13 17:23:11,0.054023125,WETH/THINK
0x1f2f10d1c40777ae1da742455c65828ff36df387,2025-08-13 17:23:11,48.517562330515226,WETH/USDT
0x6e4141d33021b52c91c28608403db4a0ffb50ec6,2025-08-13 17:23:11,26420.05073448732,USDe/USDC
0x68b3465833fb72a70ecdf485e0e4c7bd8665fc45,2025-08-13 17:23:11,36301.10056545098,IN/WETH
0x5141b82f5ffda4c6fe1e372978f1c5427640a190,2025-08-13 17:23:11,4.9525,WETH/USDT
0x66a9893cc07d91d95644aedd05d03f95e1dba8af,2025-08-13 17:23:11,0.12190804135174792,WETH/USDT
0x66a9893cc07d91d95644aedd05d03f95e1dba8af,2025-08-13 17:23:11,2005.0,ALPH/WETH
0x66a9893cc07d91d95644aedd05d03f95e1dba8af,2025-08-13 17:23:11,18045.0,ALPH/USDT
0x68b3465833fb72a70ecdf485e0e4c7bd8665fc45,2025-08-13 17:23:11,4.326,WETH/USDT
0x68b3465833fb72a70ecdf485e0e4c7bd8665fc45,2025-08-13 17:23:11,2.884,WETH/USDT
0x51c72848c68a965f66fa7a88855f9f7784502a7f,2025-08-13 17:23:11,1507.512736296845,UNI/WETH
0xfbd4cdb413e45a52e2c8312f670e9ce67e794c37,2025-08-13 17:23:11,0.5578933293402933,WETH/ETHFI
0xdf31a70a21a1931e02033dbba7deace6c45cfd0f,2025-08-13 17:23:11,210713.879919882,BOSSBURGER/WETH
0x8170832e879064441f5beeab731c1ccd5facdca9,2025-08-13 17:23:11,34429.022882564306,IN/WETH
0x3fc91a3afd70395cd496c647d5a6cc9d4b2b7fad,2025-08-13 17:23:11,0.009,WETH/USDT
0x6e4141d33021b52c91c28608403db4a0ffb50ec6,2025-08-13 17:23:11,131.20211292292143,W/WETH
0x1f2f10d1c40777ae1da742455c65828ff36df387,2025-08-13 17:23:11,48.52902232814922,WETH/USDT
0xfbd4cdb413e45a52e2c8312f670e9ce67e794c37,2025-08-13 17:22:59,19939.432187,USDC/WETH
0xfbd4cdb413e45a52e2c8312f670e9ce67e794c37,2025-08-13 17:22:59,0.86314249,WBTC/USDC
0xfbd4cdb413e45a52e2c8312f670e9ce67e794c37,2025-08-13 17:22:59,0.32964449,WBTC/USDT
0xfbd4cdb413e45a52e2c8312f670e9ce67e794c37,2025-08-13 17:22:59,0.0812761,WBTC/USDT
0x68b3465833fb72a70ecdf485e0e4c7bd8665fc45,2025-08-13 17:22:59,0.09388521019454546,WETH/SOLX
0xa69babef1ca67a37ffaf7a485dfff3382056e78c,2025-08-13 17:22:59,0.38949437,WBTC/USDC
0xe592427a0aece92de3edee1f18e0157c05861564,2025-08-13 17:22:59,0.02102006894389373,WETH/USDT
0x8170832e879064441f5beeab731c1ccd5facdca9,2025-08-13 17:22:59,428.6936783830306,INST/WETH
0x8170832e879064441f5beeab731c1ccd5facdca9,2025-08-13 17:22:59,0.656348011289488,WETH/USDT
0xa69babef1ca67a37ffaf7a485dfff3382056e78c,2025-08-13 17:22:59,0.10546366,WBTC/WETH
0xefe7a50f92b089b06d0e6cbcc85d7584424921b2,2025-08-13 17:22:59,0.4912842017384662,WETH/USDT
0xe592427a0aece92de3edee1f18e0157c05861564,2025-08-13 17:22:59,0.065348260747033,WETH/USDT
0xe592427a0aece92de3edee1f18e0157c05861564,2025-08-13 17:22:59,308.82075,USDC/WETH
0x6088d94c5a40cecd3ae2d4e0710ca687b91c61d0,2025-08-13 17:22:59,5464.340833,USDC/WETH
0x5141b82f5ffda4c6fe1e372978f1c5427640a190,2025-08-13 17:22:59,133.93343073183672,ENA/USDT
0x1111111254eeb25477b68fb85ed929f73a960582,2025-08-13 17:22:47,0.09732654682472935,WETH/USDT
0xdf31a70a21a1931e02033dbba7deace6c45cfd0f,2025-08-13 17:22:47,19151.685044,USDC/WETH
0xdf31a70a21a1931e02033dbba7deace6c45cfd0f,2025-08-13 17:22:47,2500.0,INST/WETH
0x66a9893cc07d91d95644aedd05d03f95e1dba8af,2025-08-13 17:22:47,0.8748909100037334,GEC/WETH
0x51c72848c68a965f66fa7a88855f9f7784502a7f,2025-08-13 17:22:47,0.65475658,WBTC/USDC
0x7d0ccaa3fac1e5a943c5168b6ced828691b46b36,2025-08-13 17:22:47,0.000342640774648411,WETH/USDT
0x3328f7f4a1d1c57c35df56bbf0c9dcafca309c49,2025-08-13 17:22:47,3116088.4005480907,WCM/WETH
0xa69babef1ca67a37ffaf7a485dfff3382056e78c,2025-08-13 17:22:47,0.16457622,WBTC/USDT
0x2e1dee213ba8d7af0934c49a23187babeaca8764,2025-08-13 17:22:47,298.10362757,BITCOIN/WETH
0x3328f7f4a1d1c57c35df56bbf0c9dcafca309c49,2025-08-13 17:22:47,5013890688.91152,KANRO/WETH
0x7882570840a97a490a37bd8db9e1ae39165bfbd6,2025-08-13 17:22:47,488.352278,USDC/WETH
0xdf31a70a21a1931e02033dbba7deace6c45cfd0f,2025-08-13 17:22:47,0.002545,USDC/SPX
0x5141b82f5ffda4c6fe1e372978f1c5427640a190,2025-08-13 17:22:47,2584144.8810726497,DRAGONX/WETH
0x2e1dee213ba8d7af0934c49a23187babeaca8764,2025-08-13 17:22:47,1007.726457,USDC/WETH
0xdf31a70a21a1931e02033dbba7deace6c45cfd0f,2025-08-13 17:22:47,0.000209915928028557,WETH/FROGE
0x1f2f10d1c40777ae1da742455c65828ff36df387,2025-08-13 17:22:47,118903.841164081,BOSSBURGER/WETH
0x1f2f10d1c40777ae1da742455c65828ff36df387,2025-08-13 17:22:47,9143.704917336,BOSSBURGER/WETH
0xa69babef1ca67a37ffaf7a485dfff3382056e78c,2025-08-13 17:22:47,0.06256741,WBTC/USDC
